attacker,victim,similar_norm,tx_hash,symbol,phishing_type,fake_token_address,fake_token_deployer,tx_from,tx_to,tx_fee,is_batching,batch_contract_deployer,block_number,block_distance
0x4008b8dfcdfc0d5b837b28aa4a890122292b0c3f,0x4e5b2e1dc63f6b91cb6cd759936495434c7e972f,0x40e922f5d2de414b94aaabf14e02e1f9814afc3f,0xa5e518f9aaf7ebc37e68a5b3b17d7eec6f82ca1a0ac1cf46b676586e81000634,usdt,dust,0xdac17f958d2ee523a2206206994597c13d831ec7,,0x4008B8DFCDFc0d5b837b28aA4A890122292B0C3f,0xdAC17F958D2ee523a2206206994597C13D831ec7,0.000454003,1.0,,15861385,6405,from,5
0xa99ec488c68460a4463456545a26a91feebcecd2,0xcc233a3e46f711cc07d4d7814d5aafbe5e7a719a,0xa9f41b1e5140443a4645e066e3c6e217d119bb02,0xf5830ee536cc888ddf513c5a8c05de391aa6b2e4cdcb5f8bbbe9d722032baa99,usdt,dust,0xdac17f958d2ee523a2206206994597c13d831ec7,,0xA99ec488c68460A4463456545a26a91FEebCeCD2,0xdAC17F958D2ee523a2206206994597C13D831ec7,0.000580671,1.0,,16038516,745,to,4
0x1e838f790ae411a351a1beab6905a276ae48e85a,0x66df76fa354ea1f9e1dea5f93fa94b904f565a58,0x1eb4d5d342317331f7292480dee687f50e48e85a,0x148df30057ef634f3f172e89d207dc4a35d7a4bd39b005f43042aaffdd3a6ebc,usdt,dust,0xdac17f958d2ee523a2206206994597c13d831ec7,,0x1e838f790Ae411A351A1beaB6905a276AE48E85a,0xdAC17F958D2ee523a2206206994597C13D831ec7,0.0005570250262503,1.0,,16167148,75,from,9
0xce207dba55252bab150936c11ec72a189b4fa3f2,0xd30558106d2b0f0baf957f816c38ff2bd3156045,0xce3172cfc954c8f320c2d292eade25485b4fa3f2,0x346bf80cfa72f603340f6573276c1c10a95a4e8460f40b20b813681f4e89a23c,usdt,dust,0xdac17f958d2ee523a2206206994597c13d831ec7,,0xce207DbA55252BAB150936c11EC72A189B4fa3F2,0xdAC17F958D2ee523a2206206994597C13D831ec7,0.0007799520274516,1.0,,16169863,73,from,9
0xa183e7c4583aeaa7b4e7a3fd021f1ed435ba1903,0x907e77e848808add37a3caac545807a198b65571,0xa1a2192a0fab9d910b20d5abb4fac80a45ba1903,0xcbe7e4b4c8b0961bca336c74ad8d71bdf46cfe424991d0b0af48f9a304b9c635,usdt,dust,0xdac17f958d2ee523a2206206994597c13d831ec7,,0xA183e7c4583aeaa7B4E7A3fD021f1ed435bA1903,0xdAC17F958D2ee523a2206206994597C13D831ec7,0.001355393594276,1.0,,16170019,56,from,9
0x032a1bf6772557ffeb5abc03f83dfa9636b2eb36,0x07dd08b481e284f4aa51eb62c00052f70cb79c49,0x033e63c821a0392a8acbbffc647608ea76b2eb36,0x6099c2762185676e053f3abfb8447b7b06d40c9484ec72d307ed7aff621af40a,usdt,dust,0xdac17f958d2ee523a2206206994597c13d831ec7,,0x032a1Bf6772557fFEb5abC03f83dFA9636B2EB36,0xdAC17F958D2ee523a2206206994597C13D831ec7,0.0005971098486349,1.0,,16175529,54,from,9
0xf391662b54181dd2c1f698f6313e32c1d25a522c,0xf93eef2acf297efa9b53e690519a1479a2832596,0xf3ef6d61bde55f549c13caf232042459625a522c,0xa4504dba7be883370f76c882ce4a09a8193524e1460e9c8eb5b22b440e2c6157,usdt,dust,0xdac17f958d2ee523a2206206994597c13d831ec7,,0xf391662b54181DD2C1f698f6313e32C1d25A522c,0xdAC17F958D2ee523a2206206994597C13D831ec7,0.0008227100222832,1.0,,16178994,23,from,9
0xd93c34eb02c18e8dd70e334aad53f75d9b65a0e1,0x60d350939501c30425ba3154464a6aff3bd2b58b,0xd995d3df09f4f48d4fa1846caecaab974b65a0e1,0x38f08441907ef5d45e72c0462f3cf13e6e6e003f948116662e82dde7234b797b,usdt,dust,0xdac17f958d2ee523a2206206994597c13d831ec7,,0xD93C34EB02c18e8dd70E334aaD53F75d9b65a0e1,0xdAC17F958D2ee523a2206206994597C13D831ec7,0.0005491458535699,1.0,,16180588,22,from,9
0x66629dd87fbe0f6956e9342c90acdf7c23bccf8f,0xb02bf7b1afd6b2de361be1a14205572a6ddc91d1,0x66edb47bf7ba57b79c0cf44e5a85b35563bccf8f,0x05a9fd550d91febb286f15b8a7e9bff46551b6ca3def9c6c3354c210b16ed2f2,usdt,dust,0xdac17f958d2ee523a2206206994597c13d831ec7,,0x66629DD87FBe0F6956e9342c90aCDf7C23BcCf8F,0xdAC17F958D2ee523a2206206994597C13D831ec7,0.0021824918933403,1.0,,16191447,117,from,9
0x031ba18ad41eb1a1f3a5d78aa9b3b1cdddd314b3,0x5654e88e4d33f32aaed787aaae910b8711364748,0xd3e0a2977707030cd6c49ee834e6605f7dd314b3,0xe0ae81267376a69a4b883b79ec41f6f0e047dec7da4cd1153dec1272aa17e1d7,usdt,dust,0xdac17f958d2ee523a2206206994597c13d831ec7,,0x031Ba18AD41Eb1a1f3A5d78Aa9b3b1CDDdd314B3,0xdAC17F958D2ee523a2206206994597C13D831ec7,0.000709429040752,1.0,,16196977,141,from,9
0x9a94117f319e0b868b815581b919b4453f57e92e,0x531a38295beffcdb55979a4a704865f5eafe09c4,0x9a201e923c561b16ca1a841eca9546117f57e92e,0x73a0325ee1b0282971ef5882088b8cc2970fd4024211e3c59f09ec6de62355f9,usdt,dust,0xdac17f958d2ee523a2206206994597c13d831ec7,,0x9a94117f319e0B868b815581b919b4453F57E92E,0xdAC17F958D2ee523a2206206994597C13D831ec7,0.0013424082988749,1.0,,16197990,133,from,9
0x031ba18ad41eb1a1f3a5d78aa9b3b1cdddd314b3,0x5654e88e4d33f32aaed787aaae910b8711364748,0xd3e0a2977707030cd6c49ee834e6605f7dd314b3,0x93a5b06e8c9fa022cfdc10169f33258ab33a6723c194caa4c0197730649c24ea,usdt,dust,0xdac17f958d2ee523a2206206994597c13d831ec7,,0x031Ba18AD41Eb1a1f3A5d78Aa9b3b1CDDdd314B3,0xdAC17F958D2ee523a2206206994597C13D831ec7,0.0007867567621552,1.0,,16199545,24,from,9
0x031ba18ad41eb1a1f3a5d78aa9b3b1cdddd314b3,0x5654e88e4d33f32aaed787aaae910b8711364748,0xd3e0a2977707030cd6c49ee834e6605f7dd314b3,0xab8dd31072d5b1618b3bc955a3f90741f313c8a1a020166c4c285882c8d4250f,usdt,dust,0xdac17f958d2ee523a2206206994597c13d831ec7,,0x031Ba18AD41Eb1a1f3A5d78Aa9b3b1CDDdd314B3,0xdAC17F958D2ee523a2206206994597C13D831ec7,0.0005891711852972,1.0,,16202706,24,from,9
0xd60474cd5a1388ed21a9bc8064753d006cfb8e9c,0xe4cab5fc3db3ee273156e1f78fe73918ed436293,0xd632ff192dff805e3ece27dde12f878b2cfb8e9c,0x8db2529d1feaaad30ac017d8d365857b93f7ae6a102c273614316333f3531afa,usdt,dust,0xdac17f958d2ee523a2206206994597c13d831ec7,,0xD60474cD5a1388eD21A9BC8064753D006cfB8e9C,0xdAC17F958D2ee523a2206206994597C13D831ec7,0.0006974346343002,1.0,,16203325,31,from,9
0xf1580fdc760eca7f63523a52753dfb83b0ff8e46,0x4ea27e095a4f95ec6c76e0cb10ab00d12b494af5,0xf1aab4268a50f3e1ed74920cbd758304f0ff8e46,0x17cef719318b3611db1254474249edf581e265e36124d9d96972906d93d7f019,usdt,dust,0xdac17f958d2ee523a2206206994597c13d831ec7,,0xf1580fdC760eca7f63523a52753DFB83b0ff8E46,0xdAC17F958D2ee523a2206206994597C13D831ec7,0.0008366881073169,1.0,,16209222,26,from,9
0x8b2da27923a6c236484eeed163c67b8a3ec0c6ff,0x91e54201ec069b6b89ec95836a54f13c62a70a68,0x8bb5bfebb87ad0f8be0d8e93dcc60c3c1ec0c6ff,0x7ded31734462f8480cae4bbda200f6816d1e6326b5a830f4a96ba10c1c146ecb,usdt,dust,0xdac17f958d2ee523a2206206994597c13d831ec7,,0x8B2dA27923a6C236484EeED163C67b8a3eC0C6fF,0xdAC17F958D2ee523a2206206994597C13D831ec7,0.0005694519330824,1.0,,16209229,6208,from,9
0x8b2da27923a6c236484eeed163c67b8a3ec0c6ff,0x91e54201ec069b6b89ec95836a54f13c62a70a68,0x8bb5bfebb87ad0f8be0d8e93dcc60c3c1ec0c6ff,0x7ded31734462f8480cae4bbda200f6816d1e6326b5a830f4a96ba10c1c146ecb,usdt,dust,0xdac17f958d2ee523a2206206994597c13d831ec7,,0x8B2dA27923a6C236484EeED163C67b8a3eC0C6fF,0xdAC17F958D2ee523a2206206994597C13D831ec7,0.0005694519330824,1.0,,16209229,25,from,9
0x8dfc63719edd47a505eca6d56bd34f8cbe6d1636,0x9b2a5258580db3430b02adfff6196e1729daa904,0x8d48e5794e054001db3dc5c9e94050299e6d1636,0xb9fcbb822a7556d4fbf1d0a2b23bba98024e7cbeb1778f929b7481c2d028d0ac,usdt,dust,0xdac17f958d2ee523a2206206994597c13d831ec7,,0x8DfC63719edd47a505eca6D56Bd34F8CBE6d1636,0xdAC17F958D2ee523a2206206994597C13D831ec7,0.0007858954893305,1.0,,16212557,25,from,9
0x957eeb1e2f16bc6b733da2bad715eccd5d9dc472,0xad013704e5274bd7ed192191f772d1a2dc9dc5e2,0x9552cb66aa6436e93c14fcc8e1829ccfdd9dc472,0x92d9d6927a60592956b6ef438aeb49bde571d32e4e1c9cb647d4ec469186f2c1,usdt,dust,0xdac17f958d2ee523a2206206994597c13d831ec7,,0x957eeb1E2f16bC6b733Da2BAd715ecCD5D9Dc472,0xdAC17F958D2ee523a2206206994597C13D831ec7,0.0005592919225994,1.0,,16214432,24,from,9
0x957eeb1e2f16bc6b733da2bad715eccd5d9dc472,0xad013704e5274bd7ed192191f772d1a2dc9dc5e2,0x9552cb66aa6436e93c14fcc8e1829ccfdd9dc472,0x399297d5e58aae80aad4271cce217ee83c7426b00edd77bd036f14dc13aea110,usdt,dust,0xdac17f958d2ee523a2206206994597c13d831ec7,,0x957eeb1E2f16bC6b733Da2BAd715ecCD5D9Dc472,0xdAC17F958D2ee523a2206206994597C13D831ec7,0.0004927494319669,1.0,,16214263,24,from,9
0x4b87bd7c10163e940113ea60285d37dd23dabb51,0x0df41dc3b681708e17d5eb2217af62ade11f16fc,0x4be24e86f389092f77dec1b0443cb7e243dabb51,0x9853f178b03851a1dca91671887e586411d81d6190d79c812bf992400d49dece,usdt,dust,0xdac17f958d2ee523a2206206994597c13d831ec7,,0x4B87BD7c10163E940113eA60285D37DD23dAbb51,0xdAC17F958D2ee523a2206206994597C13D831ec7,0.0004833550718735,1.0,,16215834,24,from,9
0x4b87bd7c10163e940113ea60285d37dd23dabb51,0x0df41dc3b681708e17d5eb2217af62ade11f16fc,0x4be24e86f389092f77dec1b0443cb7e243dabb51,0xdb59ba5e80326af7bc77973e4e0ef80158b3f16b16f2b7e4967cd6644fe09665,usdt,dust,0xdac17f958d2ee523a2206206994597c13d831ec7,,0x4B87BD7c10163E940113eA60285D37DD23dAbb51,0xdAC17F958D2ee523a2206206994597C13D831ec7,0.0004816329850176,1.0,,16215945,52,from,9
0x974353266ba1609711dc4fd3464598f831ce6b46,0xddf4b18d1674efbeeeb670c60d20f68c4a53f1fd,0x97b1748b9127a60c4af6354bec08628721ce6b46,0x7745058b85afcbda0e85713cfdc264fea7454d825d1101b8face09b1b69824e3,usdt,dust,0xdac17f958d2ee523a2206206994597c13d831ec7,,0x974353266bA1609711Dc4Fd3464598F831Ce6b46,0xdAC17F958D2ee523a2206206994597C13D831ec7,0.0004178300924244,1.0,,16215696,26,from,9
0x4b87bd7c10163e940113ea60285d37dd23dabb51,0x0df41dc3b681708e17d5eb2217af62ade11f16fc,0x4be24e86f389092f77dec1b0443cb7e243dabb51,0x09b308b59c8246a7f85cc20eef88a1ec7fa0833738923f0f27f68737b361b7d3,usdt,dust,0xdac17f958d2ee523a2206206994597c13d831ec7,,0x4B87BD7c10163E940113eA60285D37DD23dAbb51,0xdAC17F958D2ee523a2206206994597C13D831ec7,0.0005421207393408,1.0,,16216730,84,from,9
0x0073d558dbc5f93ae9084da7d2ecf7d2f0a46747,0xb579b1120cb9b3e4e1c007d418df5f00647c5260,0x0d3ceaec84189dd7fbaaa2cb70fbf35980a46747,0x06c29608f9f0b5983cae02e33a652de65088881d7ad59fb8612f0fb304709f52,usdt,dust,0xdac17f958d2ee523a2206206994597c13d831ec7,,0x0073D558dbc5F93aE9084dA7D2ECf7D2F0A46747,0xdAC17F958D2ee523a2206206994597C13D831ec7,0.0004965254430421,1.0,,16217131,26,from,9
0x512ef88770074ec5e62c1a35b83dad4d970a3ac7,0x796f4493025c90048ed0673b2b88496bb6b098ab,0x51e018969943b513a065885efedff1caa70a3ac7,0x59df00a09e61f348c97e12c77e7f62d4838441ac7ec724aeabf19ea332719b5b,usdt,dust,0xdac17f958d2ee523a2206206994597c13d831ec7,,0x512ef88770074eC5e62C1a35B83daD4d970a3aC7,0xdAC17F958D2ee523a2206206994597C13D831ec7,0.0005118339357289,1.0,,16217671,92,from,9
0x686a14feda38d90c4c696ecafff5085c1fc8c77d,0x45d63eccc66253ee1ec75a172f1082214b787d5d,0x6bb0be85f127ba8ff11312a34ce7346b2fc8c77d,0xe295ebbfcc1d1d6f87ebc7d8c336d5cda80d3b7b5490c008e462d4f5ac4c55aa,usdt,dust,0xdac17f958d2ee523a2206206994597c13d831ec7,,0x686A14FeDa38D90C4c696eCAfff5085c1Fc8C77d,0xdAC17F958D2ee523a2206206994597C13D831ec7,0.0004725950332511,1.0,,16217786,27,from,9
0xbaf383bfaa99d8694e54f24e7606b48d43599c3b,0x1921f2308708bbea137d98690b4a72f273f1d491,0xba6f5a1b8e490a74ef432ccb93a44e7be3599c3b,0xbf4ba4047ec04f445e82300bfb2e1e2670a91de1e41318f75229fe3efc4d4f3c,usdt,dust,0xdac17f958d2ee523a2206206994597c13d831ec7,,0xbAf383bFaA99d8694e54F24E7606b48d43599c3b,0xdAC17F958D2ee523a2206206994597C13D831ec7,0.00051028780191,1.0,,16217855,18,from,9
0x6dda196eb223b1db5d248924ba3fd5138c03c5da,0xe54413af2d33c63473afec931e16efd567a45426,0x6ddf0e1e2896409a824b3c1271f055965c03c5da,0xd65b16f65cd0d8cd51f56b20949fac33fc07e24c9a118a66b6855e3eeed8febf,usdt,dust,0xdac17f958d2ee523a2206206994597c13d831ec7,,0x6dDa196eB223B1dB5d248924BA3fD5138C03C5Da,0xdAC17F958D2ee523a2206206994597C13D831ec7,0.0007331284807412,1.0,,16218145,8,from,10
0x26d638572cda60689ceb2f755c7fcf37841c0433,0xd87b0b014c9a58cdcd2fb83c6916500063cc0720,0x2668d8da1f74cbd7e0d122ae35b7bba8641c0433,0x338d33235ffb06e5d3c936ee07aaa3506e8f15dc9b864d3416573159ef15b9a0,usdt,dust,0xdac17f958d2ee523a2206206994597c13d831ec7,,0x26D638572CDA60689cEb2F755C7FCF37841c0433,0xdAC17F958D2ee523a2206206994597C13D831ec7,0.0005213516095168,1.0,,16218475,7,from,9
0xd60474cd5a1388ed21a9bc8064753d006cfb8e9c,0xe4cab5fc3db3ee273156e1f78fe73918ed436293,0xd632ff192dff805e3ece27dde12f878b2cfb8e9c,0x3884fe0b3d8ad60a7218797eca28c630918fd8af6745174d7ca58d80711c3651,usdt,dust,0xdac17f958d2ee523a2206206994597c13d831ec7,,0xD60474cD5a1388eD21A9BC8064753D006cfB8e9C,0xdAC17F958D2ee523a2206206994597C13D831ec7,0.0005575216261976,1.0,,16218591,11,from,9
0x8868d7025e0b92d9501ccf1d2278f7b3667327ea,0xa3eb550f15e9b74173092650eef5c823ddcf58a3,0xb86b6c7cf9b3c1f2af6ec6df766d7135b67327ea,0x8a74758c9599bf3bd0459947b604943484d4051a7d8d307ecce44ad484dafe90,usdt,dust,0xdac17f958d2ee523a2206206994597c13d831ec7,,0x8868D7025E0b92d9501CcF1d2278f7B3667327eA,0xdAC17F958D2ee523a2206206994597C13D831ec7,0.0005421432482531,1.0,,16218612,11,from,10
0xcbbd08cfd2139882ff58bb9211546949700177e2,0x7eb929a0cb0b33a7a715b22e3ca962e07d451689,0xcbea16bbd03e9255e943653c20655a33600177e2,0xc5e9c1bef4a88a9606fbd298497925adef13055f370c3f0b70ec1dc737956ef0,usdt,dust,0xdac17f958d2ee523a2206206994597c13d831ec7,,0xCBBD08cFd2139882ff58bb9211546949700177E2,0xdAC17F958D2ee523a2206206994597C13D831ec7,0.0007105826933102,1.0,,16219780,9,from,9
0xcbbd08cfd2139882ff58bb9211546949700177e2,0x7eb929a0cb0b33a7a715b22e3ca962e07d451689,0xcbea16bbd03e9255e943653c20655a33600177e2,0x69262bfd973312f8e534321b90761156c5982e60ac6e501917c5644585417e44,usdt,dust,0xdac17f958d2ee523a2206206994597c13d831ec7,,0xCBBD08cFd2139882ff58bb9211546949700177E2,0xdAC17F958D2ee523a2206206994597C13D831ec7,0.0007177982655611,1.0,,16220363,9,from,9
0x0bd7de7e8b57c4f579b13efcc6af45d29572f59a,0x8ff07d4947359654cb741ffa06c0bcddbecc6949,0x0858b9e9015be569f090d2a44f9ea4500572f59a,0xf03743fc9493b05c0daf54da3bdbcfbafe617c906c00a69f647b7d2996d975d5,usdt,dust,0xdac17f958d2ee523a2206206994597c13d831ec7,,0x0BD7dE7E8b57C4F579b13eFcc6af45D29572F59a,0xdAC17F958D2ee523a2206206994597C13D831ec7,0.0005496956259117,1.0,,16220931,10,from,9
0xd60474cd5a1388ed21a9bc8064753d006cfb8e9c,0xe4cab5fc3db3ee273156e1f78fe73918ed436293,0xd632ff192dff805e3ece27dde12f878b2cfb8e9c,0x284b4a6a862294ac40960fd7828e00ef853e89657f35e1eb316f77219ae1f24a,usdt,dust,0xdac17f958d2ee523a2206206994597c13d831ec7,,0xD60474cD5a1388eD21A9BC8064753D006cfB8e9C,0xdAC17F958D2ee523a2206206994597C13D831ec7,0.0006194272981768,1.0,,16220985,9,from,9
0x226a95e7a4583208e73b668fc04802873017794d,0x84285a71c24ae1b6d9ba06717f2f8ffbaa3c0d89,0x22d66730885a32b1d86865e7752c2bfc9017794d,0xe67c62780df642ce056ef4b698372e8b4aece70f1037a18c8ff4a3956774e933,usdt,dust,0xdac17f958d2ee523a2206206994597c13d831ec7,,0x226a95E7A4583208E73b668fC04802873017794d,0xdAC17F958D2ee523a2206206994597C13D831ec7,0.0006212687126371,1.0,,16223367,26,from,9
0x031ba18ad41eb1a1f3a5d78aa9b3b1cdddd314b3,0x5654e88e4d33f32aaed787aaae910b8711364748,0xd3e0a2977707030cd6c49ee834e6605f7dd314b3,0x25f3a9f8b2164d2c01b120e31b8ee697d7d861b8aaac85f740c2462dad1b4cc2,usdt,dust,0xdac17f958d2ee523a2206206994597c13d831ec7,,0x031Ba18AD41Eb1a1f3A5d78Aa9b3b1CDDdd314B3,0xdAC17F958D2ee523a2206206994597C13D831ec7,0.0005124633450404,1.0,,16223872,4,from,9
0x2f2bf5fd013ca8416f16b73300a756ad6b62b9d8,0xa7c3580ed9d7f8fc45a3afedeffca0d140dd6cf3,0x2fec616e1a51dc04e161d3574e9d12419b62b9d8,0x2193515ed56f678713922171634b15494c827ece670d632b07b96d2e5dbfa89f,usdt,dust,0xdac17f958d2ee523a2206206994597c13d831ec7,,0x2F2Bf5Fd013CA8416F16b73300a756Ad6b62b9D8,0xdAC17F958D2ee523a2206206994597C13D831ec7,0.0005741492839458,1.0,,16224584,36,from,9
0x078af6a7a75c5bde326f2989ff6daed2c0871e0b,0x3320ccb3a5707d4d7ba949282cf60b8681f2921c,0xd73324d697c0826ad53f8a686b2d824610871e0b,0x7ca42e9ddd57f0ba28589af5acbb325f66fb45c4bd8af876202d12aa7c32620a,usdt,dust,0xdac17f958d2ee523a2206206994597c13d831ec7,,0x078af6A7a75C5Bde326f2989FF6dAED2C0871E0B,0xdAC17F958D2ee523a2206206994597C13D831ec7,0.000493616361645,1.0,,16225407,25,from,9
0x032a1bf6772557ffeb5abc03f83dfa9636b2eb36,0x07dd08b481e284f4aa51eb62c00052f70cb79c49,0x033e63c821a0392a8acbbffc647608ea76b2eb36,0x5228efcd87b4f27a80a618611986014e38117a42b60503874aa34a2f521390fb,usdt,dust,0xdac17f958d2ee523a2206206994597c13d831ec7,,0x032a1Bf6772557fFEb5abC03f83dFA9636B2EB36,0xdAC17F958D2ee523a2206206994597C13D831ec7,0.0004977950330865,1.0,,16239116,14,from,9
0x4b87bd7c10163e940113ea60285d37dd23dabb51,0x0df41dc3b681708e17d5eb2217af62ade11f16fc,0x4be24e86f389092f77dec1b0443cb7e243dabb51,0x937cd6d959339c0c7632bda4a66e96f40588177e30e19790ad7f3a2a0d3b22f5,usdt,dust,0xdac17f958d2ee523a2206206994597c13d831ec7,,0x4B87BD7c10163E940113eA60285D37DD23dAbb51,0xdAC17F958D2ee523a2206206994597C13D831ec7,0.0007796829130411,1.0,,16246027,30,from,9
0x26d638572cda60689ceb2f755c7fcf37841c0433,0xd87b0b014c9a58cdcd2fb83c6916500063cc0720,0x2668d8da1f74cbd7e0d122ae35b7bba8641c0433,0x3807ae7723caf07f9007a565de597937ca66a8aa26edf24a0881d180c83350dd,usdt,dust,0xdac17f958d2ee523a2206206994597c13d831ec7,,0x26D638572CDA60689cEb2F755C7FCF37841c0433,0xdAC17F958D2ee523a2206206994597C13D831ec7,0.0005351023332677,1.0,,16269781,33,from,9
0xcb9d34bbb0480e714f4c004cfd8cb72b776db1b6,0x3e14605bf3ebc239a6ba1fdd4cd9daf01f382faf,0xcb9da91c741820157e81ae21cddd5d207997b1b6,0xd599a08dc631fbae475bf9ba90f93d5ed075a896336a23027fc321f589d9de1b,usdt,dust,0xdac17f958d2ee523a2206206994597c13d831ec7,,0xCB9D34bbb0480e714f4c004Cfd8cb72B776dB1B6,0xdAC17F958D2ee523a2206206994597C13D831ec7,0.0010844870473114,1.0,,16564304,4,from,8
0xb1be92d9c8c626f63630e57b97484ad44594c1e9,0x6c73b1ca08bbc3f44340603b1fb9e331c2abaca7,0xb1be63c8da58726d9409003cf851c8925651c1e9,0xe5ead60137cb50d9ba247c47683e108c390ee4ad6cd534a99bb53414e2ab705b,usdt,dust,0xdac17f958d2ee523a2206206994597c13d831ec7,,0xB1BE92d9C8c626f63630E57B97484Ad44594c1e9,0xdAC17F958D2ee523a2206206994597C13D831ec7,0.001162812160355,1.0,,16564320,6889,from,8
0xb1be92d9c8c626f63630e57b97484ad44594c1e9,0x6c73b1ca08bbc3f44340603b1fb9e331c2abaca7,0xb1be63c8da58726d9409003cf851c8925651c1e9,0xe5ead60137cb50d9ba247c47683e108c390ee4ad6cd534a99bb53414e2ab705b,usdt,dust,0xdac17f958d2ee523a2206206994597c13d831ec7,,0xB1BE92d9C8c626f63630E57B97484Ad44594c1e9,0xdAC17F958D2ee523a2206206994597C13D831ec7,0.001162812160355,1.0,,16564320,5948,from,8
0xb1be92d9c8c626f63630e57b97484ad44594c1e9,0x6c73b1ca08bbc3f44340603b1fb9e331c2abaca7,0xb1be63c8da58726d9409003cf851c8925651c1e9,0xe5ead60137cb50d9ba247c47683e108c390ee4ad6cd534a99bb53414e2ab705b,usdt,dust,0xdac17f958d2ee523a2206206994597c13d831ec7,,0xB1BE92d9C8c626f63630E57B97484Ad44594c1e9,0xdAC17F958D2ee523a2206206994597C13D831ec7,0.001162812160355,1.0,,16564320,5053,from,8
0xb1be92d9c8c626f63630e57b97484ad44594c1e9,0x6c73b1ca08bbc3f44340603b1fb9e331c2abaca7,0xb1be63c8da58726d9409003cf851c8925651c1e9,0xe5ead60137cb50d9ba247c47683e108c390ee4ad6cd534a99bb53414e2ab705b,usdt,dust,0xdac17f958d2ee523a2206206994597c13d831ec7,,0xB1BE92d9C8c626f63630E57B97484Ad44594c1e9,0xdAC17F958D2ee523a2206206994597C13D831ec7,0.001162812160355,1.0,,16564320,3901,from,8
0xb1be92d9c8c626f63630e57b97484ad44594c1e9,0x6c73b1ca08bbc3f44340603b1fb9e331c2abaca7,0xb1be63c8da58726d9409003cf851c8925651c1e9,0xe5ead60137cb50d9ba247c47683e108c390ee4ad6cd534a99bb53414e2ab705b,usdt,dust,0xdac17f958d2ee523a2206206994597c13d831ec7,,0xB1BE92d9C8c626f63630E57B97484Ad44594c1e9,0xdAC17F958D2ee523a2206206994597C13D831ec7,0.001162812160355,1.0,,16564320,3169,from,8
0xb1be92d9c8c626f63630e57b97484ad44594c1e9,0x6c73b1ca08bbc3f44340603b1fb9e331c2abaca7,0xb1be63c8da58726d9409003cf851c8925651c1e9,0xe5ead60137cb50d9ba247c47683e108c390ee4ad6cd534a99bb53414e2ab705b,usdt,dust,0xdac17f958d2ee523a2206206994597c13d831ec7,,0xB1BE92d9C8c626f63630E57B97484Ad44594c1e9,0xdAC17F958D2ee523a2206206994597C13D831ec7,0.001162812160355,1.0,,16564320,2288,from,8
0xcd0bcb3a57938138e16ac13c65af012257be169d,0x144be4489c512c7d458eae5fc978ba6fddba031c,0xcd04b129f2927a1bca6aecf9e4ecd6d149de169d,0x0012be7810f0d7905cb7302231ad2b0d1aed503bf7000bcb5b148f41571ba512,usdc,zero,0xa0b86991c6218b36c1d19d4a2e9eb0ce3606eb48,,0xFf77336c73D801B08ECb1C24B95A160978b21cb6,0xfF02c46684A87F05C9DFACc1831277adfFF48D4f,0.0119978662671952,9.0,0xff77336c73d801b08ecb1c24b95a160978b21cb6,16584807,3,from,8
0xbc40dacaae167565cfa886eddd352d33104ef293,0xe8d32a4d857dea7e064adb6c4cff86abf2a6aa9b,0xbc4193816b3ded970064f255e49d61f9ae5ef293,0x001f11ed8a57e6920da0dd4b1ac78df7cdc49af938de533addd36abb9e1dd586,usdc,zero,0xa0b86991c6218b36c1d19d4a2e9eb0ce3606eb48,,0xEf21bD22a80cBcc48E1EA1f8C55Cf36739C74f93,0x5eFaA38163E1A11ac7BA7E848943efB125d5Ef61,0.0102460618263726,10.0,0xef21bd22a80cbcc48e1ea1f8c55cf36739c74f93,16542735,3,from,8
0x3a029ca575036794ff32571b27d3fc07ee01dbc3,0xfd59adb38035c932bca03b83c37db35f9e0e84f3,0x3a049d49fc1d6f45cd3a4f21e69520ef8e91dbc3,0x00c5ad45b5c89f345356f6fd0c37125489a9b34263e0c4ca6918658fa5fc3029,usdc,zero,0xa0b86991c6218b36c1d19d4a2e9eb0ce3606eb48,,0xdF8eb4c298B0758287Cde82abC2360464A8fA71F,0x9c1EdB42667Cfd1CF5817e31A37E5ECc6854C4c4,0.0116418573309251,55.0,0x979c211ca8d5e20af9863686f8a078e04a40e047,16261541,1970,from,8
0xe9401912cd00c280216bb710fa0b0a5dde229d97,0x79ddbfde9fb2dfc8b35700b4bab25b5db529c581,0xe9408f71972509204a5cb0330073f203bdd09d97,0x04246dc99d497d9dbfca4a3877ed4765d9f0202bba151a962bf6b0066cd62308,usdc,zero,0xa0b86991c6218b36c1d19d4a2e9eb0ce3606eb48,,0xc26BD4c2FD59A1d11de2F6b04560EAC781A43e3C,0x4bBD95D9Ad586B4aCa21D3A18694afbBaCA5Aa0b,0.0064128460010647,21.0,0xd18543a81b6b066881b845e994eb66204d7ddd43,16346019,38,from,8
0x4dab7f1b9474a7d1e87b80c43b87fe89371e8b5e,0x01215ea126b891693af12c373bb675047ec5a3fa,0x4db246815b1d9461504b51f727435acb4e1e8b5e,0x05b81ce06c730bbf39531c0d6164cded3ac6a7b45702107d5a9b3b75304f3bb9,usdc,zero,0xa0b86991c6218b36c1d19d4a2e9eb0ce3606eb48,,0xBe7b6a41F542F86bbbB19a0512Db8eE60924068e,0x600f8fcfe5313FCa9D8a4fB15E4BD13f72eAd310,0.0044707117284714,20.0,0xbe7b6a41f542f86bbbb19a0512db8ee60924068e,16225605,7,from,8
0xb0f2fe8f4a3e8c789f6c67b33143c36f5fd79775,0xfb183eb452cee258c7e429610cb7d9e2a5fa68ff,0xb0f215373f85c877cd3eca71af8301014da99775,0x083e2199f23222a493e0b3d816869ca7beb4c975076576fe2280c2ff3c1440cf,usdc,zero,0xa0b86991c6218b36c1d19d4a2e9eb0ce3606eb48,,0xF2BDc8Db1cd2E771Ebb281f54292Aa4c9CeDC2bC,0xcf031cd6cF49Dfafd51c5db0469Df2FE8faaEE9e,0.0019115165430999,5.0,0xf2bdc8db1cd2e771ebb281f54292aa4c9cedc2bc,16881771,5,from,8
0x398159b4f342545e494ac005ef12f86878fb44fe,0x12ece35b96fbf42b46bf951444131d09e637cd74,0x3981c7c5f381ccd76164fd500131ba7b782c44fe,0x0c582875966c8297d080a2a1e9bfc413c7ff0dbc9befe0308de66769e07c3d20,usdc,zero,0xa0b86991c6218b36c1d19d4a2e9eb0ce3606eb48,,0xdfdeE151d68452d77FdB9EecBb8a40514Fe630ec,0xf63dB32e452193ac53102A45FAA6605BF6f64000,0.0029204118625537,5.0,0xdfdee151d68452d77fdb9eecbb8a40514fe630ec,16782875,3,from,8
0xba0283cf1ba2408bd856fded1400f2891cdd2a9b,0x9f87e7c73a3a7078cb5e274cda4b88f8c00fa6d8,0xba002282562a4e24e2fb09cb140bf17caa0d2a9b,0x0e9b8fea7704a9f2ca97bd7d101e60f28519d2a89925ddd6a318a6aac9485810,usdc,zero,0xa0b86991c6218b36c1d19d4a2e9eb0ce3606eb48,,0xFf77336c73D801B08ECb1C24B95A160978b21cb6,0xfF02c46684A87F05C9DFACc1831277adfFF48D4f,0.0087875412375092,9.0,0xff77336c73d801b08ecb1c24b95a160978b21cb6,16587484,4,from,8
0xe1c744469be535cb9a720e6f0d464167b9b3353b,0xcee7825855ff5b2be2db7e0e8480d128f5aad677,0xe1ce78a4c32e2a62d616a38a249a6e3c1393353b,0x111c6ae2df2a8ae50f24ec7da1ae9349f168e7774fd65278fdeeefa3a00e0ffd,usdc,zero,0xa0b86991c6218b36c1d19d4a2e9eb0ce3606eb48,,0x53B2A109ef86BdE89d20d2BaE844740906De8A53,0x216320ed138aAA701F7F20a9805505c418354110,0.0174304724204398,50.0,0x53b2a109ef86bde89d20d2bae844740906de8a53,16388239,120,from,8
0x99f1431b72fc70f1df6aee62390ee086f14711b1,0xdebd863dc1278c5a5e98669a4cf47ee001895aba,0x99f93bd735928f294fe7b60c126a56a01f4711b1,0x12f88a1d0835347c13d8d90d838d2e09e7d770b1b7a5222385d8f33b831fb5a6,usdc,zero,0xa0b86991c6218b36c1d19d4a2e9eb0ce3606eb48,,0xca763caeCA8BE2d430BFB81609b2A0193d30125C,0x44F9063b07Ef177ED5B0B5DB5Da5E043B5b451Df,0.0214938537707895,50.0,0xca763caeca8be2d430bfb81609b2a0193d30125c,17834455,497,from,9
0x49184c6a013fae7c310b193b73d7f2a87f73f011,0xa80bc09199e8a190a359ecc45c36731056c412e7,0x491968b05d95979ba3a52d73d8a39ea96693f011,0x1929614bbbf7c3621eccf9889efc267322c42dc6914926ca1cec9b16a1999496,usdc,zero,0xa0b86991c6218b36c1d19d4a2e9eb0ce3606eb48,,0x72d2603947cf343dE622D1cf12b209186b0E9E75,0xe0174028F9c4Bc3d93A428E0d459ba4F5fdE97d7,0.0356785657675124,50.0,0x72d2603947cf343de622d1cf12b209186b0e9e75,16343311,55,from,8
0x1ccf2dc75a74a94da775b56fcfbbf63e05ba4635,0x554eb3c9dcd1297eb9d8e5f9e6967608c9ff9718,0x1cc7c9de2bf4075dc4c70850890ccf1f709a4635,0x1a1b0841a2cf2e5ee8006b8ed5114111a58738b00a0cc8c0129e4bf725b7124c,usdc,zero,0xa0b86991c6218b36c1d19d4a2e9eb0ce3606eb48,,0xFf77336c73D801B08ECb1C24B95A160978b21cb6,0xfF02c46684A87F05C9DFACc1831277adfFF48D4f,0.0043674683968098,9.0,0xff77336c73d801b08ecb1c24b95a160978b21cb6,16612051,3,from,8
0xa9d5a9cd80cfe80a293a06a3134405001e7d3e43,0xc01acf28b0db10d476f896c998c3181077fc07ba,0xa9d1e08c7793af67e9d92fe308d5697fb81d3e43,0x1b4f3fa8a8678fa7336027a6bb2609d242d203c235fbacbcb0a63c2a8f86458a,usdc,zero,0xa0b86991c6218b36c1d19d4a2e9eb0ce3606eb48,,0x45C23ed336ecEe9c738f9433853AccE9f84aa3FA,0x1D1Cbdd1B22801121929E0A64929B4e65bea5723,0.0122184671663653,9.0,0x45c23ed336ecee9c738f9433853acce9f84aa3fa,16577713,7,from,8
0x229354bb7bfb59061413ee0b96b6a63d7ec26654,0x3e578bef794d632b377bf54c143e72c23635160b,0x2293a3b8e68b9877ecbd872d048fcda0980e6654,0x1c35ad3174472c0e0edd549ce20cf9cf7d7e7f9ba99595ee210e94f59a9229c0,usdc,zero,0xa0b86991c6218b36c1d19d4a2e9eb0ce3606eb48,,0xFfFfe71e7e6Bc965712c91b693a75d2bf717FFF0,0xC3F13c4d5095949AB38Fd839eA864746486cb71b,0.0115906564129831,29.0,0xffffe71e7e6bc965712c91b693a75d2bf717fff0,16574548,7,from,8
0x357bcf490ab5c8c3ecfcdc8011697091472989b5,0x37e561baebfcd1bb152c6fd255af264c991df394,0x352a4c077ee2aa56722ae3045f4ad3e7564989b5,0x1f536dbfab7f0f2a448cd633604f2f950ea2eca902c075004dc8b0ab6a753245,usdc,zero,0xa0b86991c6218b36c1d19d4a2e9eb0ce3606eb48,,0x4ac921faae3D8A69ADDDfeC493Fd4E57e589f649,0xa740623FA9b110b3f0A085fF23F9263df50CcACc,0.0150410026863765,20.0,0x4ac921faae3d8a69adddfec493fd4e57e589f649,16248525,5,from,7
0xe946ea88876992eb3d0f250ed26a741627a747b6,0x80b53eb6d63067d4bbfa725b667f813bcde7a6dd,0xe94bd3ae350ad151bc42cccf4e6f2d7e541747b6,0x1fdb1d70f0dbb32cc34bbe0a712a1f8d4d68de4bfcc703e1bbca4d69cd295456,usdc,zero,0xa0b86991c6218b36c1d19d4a2e9eb0ce3606eb48,,0xEf21bD22a80cBcc48E1EA1f8C55Cf36739C74f93,0x5eFaA38163E1A11ac7BA7E848943efB125d5Ef61,0.0049938825446636,10.0,0xef21bd22a80cbcc48e1ea1f8c55cf36739c74f93,16554769,3,from,9
0x11f23ce155220b3d6a5fc9ffd88a48f1680df278,0x8e0a229b5ab04ee59e7c96a0e3714f86d72f9a59,0x11f5a7837be3aa937c6bf9b64b738b778a6df278,0x23807ef22ed4881fd998f24b3e79fce62e6c244b12357c1389af9009c75d2968,usdc,zero,0xa0b86991c6218b36c1d19d4a2e9eb0ce3606eb48,,0xFf77336c73D801B08ECb1C24B95A160978b21cb6,0xfF02c46684A87F05C9DFACc1831277adfFF48D4f,0.0041441767127433,9.0,0xff77336c73d801b08ecb1c24b95a160978b21cb6,16604584,4,from,8
0x0046980769d802e133d9c782cee4fd80d08cf434,0xf8abb3391f6945d5919df2f7f8fc9870ef04a410,0x004b2d6b26d6922f6c2b761a449934e2726bf434,0x24648f33d05ac053ebb252368c02d61b790e1f79051d5cc0f27080139f9c629a,usdc,zero,0xa0b86991c6218b36c1d19d4a2e9eb0ce3606eb48,,0x67fd588eC5675aF7a48E76164a9a5f13Cc63bdE2,0xA0b86991c6218b36c1d19D4a2e9Eb0cE3606eB48,0.0010253005364719,1.0,,16575595,2383,from,8
0xdcf964ad801a1a50f1b7a76ca9c79d4af44a4dcb,0xf110e9ddd84eb6c0f3f82f43c29a5dfe0b85b8d8,0xdcf964adcc20df3093717a68775c831f314a4dcb,0x257f4617ebc27ab15fd53bc1da4e501dec6fea13a4e00012b4260517c7113a3b,usdc,zero,0xa0b86991c6218b36c1d19d4a2e9eb0ce3606eb48,,0x87f9Cdc699e11686C34eB60634044c0604734C54,0x624F2282d627d6260A4708faA45aB8D786B1B7F9,0.0074383107720101,10.0,0x87f9cdc699e11686c34eb60634044c0604734c54,16736328,3,from,14
0x5be636aa432ef0beb46441b7e7471436603ca62b,0x6faf6dbc8c32c43c33b19ecc5cc750954b3f833f,0x5be636a435c04a70f5401166a057c19d6c3ca62b,0x27d44bb06986513855b9eb77e2e2c50cf1798ea18eb20be15ab5bbe42872a326,usdc,zero,0xa0b86991c6218b36c1d19d4a2e9eb0ce3606eb48,,0xC16Acf1380a144f673411226c9dD913CF1eec182,0xb9f6a074D8093cb7c48C53D42776Ca7DCA6FDa52,0.0357002227436127,49.0,0xc16acf1380a144f673411226c9dd913cf1eec182,16687162,1697,from,13
0x181c589690d26f41631c7ebc247f2d7fdcdd1421,0x1910188846ef7d282def7ad7390a1dcd53cc96e4,0x1810a3822f1cd6e4622df804ce09925c298d1421,0x28c126ec513c989eae041ed56efe0fa4235bfaad178aa14f52320b2c6cee11a8,usdc,zero,0xa0b86991c6218b36c1d19d4a2e9eb0ce3606eb48,,0xEf21bD22a80cBcc48E1EA1f8C55Cf36739C74f93,0x5eFaA38163E1A11ac7BA7E848943efB125d5Ef61,0.0081565756471771,10.0,0xef21bd22a80cbcc48e1ea1f8c55cf36739c74f93,16557447,3,from,8
0xe78c1d055938c429d0e58106534978fb3a86992b,0x1ce08c5d724e0fa603695b4a9a99b23ae75839eb,0xe78891a92b0506a3ba850d19e44a05cce759992b,0x2d7dc9930cecdd1b34bfb3592dad821124bc3f99195025c532d0adedb87f60d3,usdc,zero,0xa0b86991c6218b36c1d19d4a2e9eb0ce3606eb48,,0xF2BDc8Db1cd2E771Ebb281f54292Aa4c9CeDC2bC,0xcf031cd6cF49Dfafd51c5db0469Df2FE8faaEE9e,0.0020285681017278,5.0,0xf2bdc8db1cd2e771ebb281f54292aa4c9cedc2bc,16902722,5,from,7
0xaee3889070ef4c39dcd9abb7e07c6c3b21a958bd,0x40976ec40f93e28e5e6124874dbe88d6d35502a7,0xaee38892dbade29d617e8116c21e6c8cada958bd,0x31c8fe79c92b94f42ce69ca4bc30a985fa73590644c5be62af9f9958a4717de4,usdc,zero,0xa0b86991c6218b36c1d19d4a2e9eb0ce3606eb48,,0x8067d0c5dd2373ed1560BB68f10cE90639FD5996,0x947888114667FDF7F176aE30C5999286285D276f,0.0936696508865184,225.0,0x8067d0c5dd2373ed1560bb68f10ce90639fd5996,16653487,1851,from,13
0xce2ee5b2810e43b3c39ebf3777669c435adbb3e2,0xe091b474164b1fe5647bd8f03eafcfbb3a9a0913,0xce2ee5b19b264cdb8d133bbe188b229353dbb3e2,0x31d3daf7e9a3cdcada34473f265b2013a9858cf6fe3b160ad1c60327dfff8174,usdc,zero,0xa0b86991c6218b36c1d19d4a2e9eb0ce3606eb48,,0xFfFfe71e7e6Bc965712c91b693a75d2bf717FFF0,0xC3F13c4d5095949AB38Fd839eA864746486cb71b,0.0227470610401542,57.0,0xffffe71e7e6bc965712c91b693a75d2bf717fff0,16597924,26,from,13
0x6b80435c325adb57539896ee47d8f41be5d66cbf,0x2f671a39613861ec17ad35de44f4f84e3d4c69f4,0x6b80435cb93a15d490a18be6ffc558b7b5d66cbf,0x32c77f7fcc995ed672901b9e512cc3ba41fa54c01258462d70bee0375c7957d9,usdc,zero,0xa0b86991c6218b36c1d19d4a2e9eb0ce3606eb48,,0x6D8d12d58ceFFcA2BD6B7518A0712d67B4399679,0x7C439FDeB9F835A34221B09599Fd85e83B1Cdf3b,0.0035788114059997,6.0,0x6d8d12d58ceffca2bd6b7518a0712d67b4399679,16809099,3,from,15
0xaf6311ef93aa3ab60e1c60543e5d5431406e8100,0x303c0f19a2865716ec2d303a4eb04dcd4f6192e4,0xaf61713f123b20ffb3c423f01b5786e0607e8100,0x3702a8d197d80a7b72d82ffe3fdc3dbcb8ed191b2d5b1ad8dcdab3014013cc81,usdc,zero,0xa0b86991c6218b36c1d19d4a2e9eb0ce3606eb48,,0x45C23ed336ecEe9c738f9433853AccE9f84aa3FA,0x1D1Cbdd1B22801121929E0A64929B4e65bea5723,0.0061325415213955,9.0,0x45c23ed336ecee9c738f9433853acce9f84aa3fa,16582016,3,from,8
0xb9ee7ed34536a9f7125b16b0809a092c2cb5788b,0x955720bf90489bae2d8fa873c01e9611fb350f14,0xb9e0fff53154bf4392b21cbcc5f2df9d327b788b,0x3bd9e363140d5cefef87ec43a0f0b8c64ec5ee683229ec7c528990586ad8a3d2,usdc,zero,0xa0b86991c6218b36c1d19d4a2e9eb0ce3606eb48,,0x87f9Cdc699e11686C34eB60634044c0604734C54,0x624F2282d627d6260A4708faA45aB8D786B1B7F9,0.0050841466996623,9.0,0x87f9cdc699e11686c34eb60634044c0604734c54,16745766,5,from,7
0x4d4ffe25199362e0b3686e4089bbe094a668fa47,0xa98391a65a1c1edfe0ca4dc01ac91dfe67aaf744,0x4d470e0a241c3d7321b4b6c6f23f214db85bfa47,0x3c6ee874063a3045ba0d594264fc45dc9bde3d201ce85defe610b4196bc77bc0,usdc,zero,0xa0b86991c6218b36c1d19d4a2e9eb0ce3606eb48,,0xFfFfe71e7e6Bc965712c91b693a75d2bf717FFF0,0xC3F13c4d5095949AB38Fd839eA864746486cb71b,0.0377676193254295,50.0,0xffffe71e7e6bc965712c91b693a75d2bf717fff0,16580390,16,from,7
0xdf9a3c357eb1747bf2b091647edf9a6514f7aeb6,0xa8e2e5a8f188a6f4c8dcde5e7dd1c0e5c1841cd3,0xdf971c1f0cd279af81f0c10b4a26b1b86227aeb6,0x3fcb6c684cb9c585dd9b67240348e6bb7ea06cf9666d3d49f077c2fb529443c5,usdc,zero,0xa0b86991c6218b36c1d19d4a2e9eb0ce3606eb48,,0x45C23ed336ecEe9c738f9433853AccE9f84aa3FA,0x1D1Cbdd1B22801121929E0A64929B4e65bea5723,0.0089278292228695,9.0,0x45c23ed336ecee9c738f9433853acce9f84aa3fa,16577093,3,from,8
0x11f8f3aca960988aa1c6cca5d097040af41e5b67,0xfcbb32238ac26e18ff6d4b6b1726caa572768b80,0x11f8f3ac10ce7c32f1f5a85b51859bc8f51e5b67,0x40c6ffb043e91c75bdef05963ef478026d611af27aa628f990b0eee2a06bfaf5,usdc,zero,0xa0b86991c6218b36c1d19d4a2e9eb0ce3606eb48,,0xC16Acf1380a144f673411226c9dD913CF1eec182,0xb9f6a074D8093cb7c48C53D42776Ca7DCA6FDa52,0.004251188982939,5.0,0xc16acf1380a144f673411226c9dd913cf1eec182,16701640,4,from,14
0xf2c5441f176ee54161b62c4b62deec11e575469d,0xa294ca9e68e19502552711be1e85b9d2bc27922b,0xf2cef7e31a2e2015a44e9ae4b8628b581a65469d,0x41c6fcab8300f33aac056609081fe9d6130969fd56d2d10d20cb9a6c6e9b0643,usdc,zero,0xa0b86991c6218b36c1d19d4a2e9eb0ce3606eb48,,0xFf77336c73D801B08ECb1C24B95A160978b21cb6,0xfF02c46684A87F05C9DFACc1831277adfFF48D4f,0.0056934934347252,9.0,0xff77336c73d801b08ecb1c24b95a160978b21cb6,16601936,2,from,8
0x49ed3bb6c479dc1a961ebc4fce54ca641e2ba04a,0xf09d9a0d72c3d6b12eea99f9bebc57676adfb6bb,0x49e28bf7fdf35439373e748aea450840732ba04a,0x428d961747443b64dd6c98f8f60fe0df8ecda81d24720978fb22bf65cdf47dc8,usdc,zero,0xa0b86991c6218b36c1d19d4a2e9eb0ce3606eb48,,0x34841a9c3c334790014c93Bc5dde1E52b470D2FB,0x2151eDDbDd02757c59a05e5842989f476f49671B,0.0250992930666059,51.0,0x34841a9c3c334790014c93bc5dde1e52b470d2fb,17025878,122,from,9
0x5146b87e52ab5d504f3a8a55fb43a991098a7cca,0x72fa8b4a390a84d25a6340b50862492de69f8c14,0x514c8810c36471df25da7516e720caa573317cca,0x4320017446be8eb4fbe1538bae2c6866b0f5d64b83c2cf490500ecbade2a191f,usdc,zero,0xa0b86991c6218b36c1d19d4a2e9eb0ce3606eb48,,0xF2BDc8Db1cd2E771Ebb281f54292Aa4c9CeDC2bC,0xcf031cd6cF49Dfafd51c5db0469Df2FE8faaEE9e,0.0088542196706754,7.0,0xf2bdc8db1cd2e771ebb281f54292aa4c9cedc2bc,16849777,4,from,7
0xfc84963450d3eb3dd7f9bc09daac89eb1c93a6bc,0x244abba748a76842d459dc4e327a7e6a61adee44,0xfc83c689636ecd16d6c2740b7d384af08ed3a6bc,0x4382454d4b22f28d2085a3bde8949f179c3b3e665edfc746136b4edab858a3b5,usdc,zero,0xa0b86991c6218b36c1d19d4a2e9eb0ce3606eb48,,0xEf21bD22a80cBcc48E1EA1f8C55Cf36739C74f93,0x5eFaA38163E1A11ac7BA7E848943efB125d5Ef61,0.006110300118837,12.0,0xef21bd22a80cbcc48e1ea1f8c55cf36739c74f93,16554868,3,from,8
0x00fade0b47a4c01cf608c72ac95cf56c3589d3a5,0x79d3702ae813c0f8abd5a010d2e105259c59389c,0x00f1b9fc8ead2e4bdd4dc1edd13b3b328df9d3a5,0x49e022ec58eb0b2594ac28f4871cea6aeb525e1b707362361b16f32bab50a7e8,usdc,zero,0xa0b86991c6218b36c1d19d4a2e9eb0ce3606eb48,,0xFf77336c73D801B08ECb1C24B95A160978b21cb6,0xfF02c46684A87F05C9DFACc1831277adfFF48D4f,0.0047731932323018,9.0,0xff77336c73d801b08ecb1c24b95a160978b21cb6,16610475,3,from,8
0xf48edcc00891d3d60ddb524e295b9fb3179eb31c,0x5e90cd4f9167267fe847ed1208a6cee925743e96,0xf48edcc002f9298911bc79872eb42347b49eb31c,0x4ce94eda4102088d4ded79abf1cab75ee9948c3adebaf5b5532f2bea3187ee44,usdc,zero,0xa0b86991c6218b36c1d19d4a2e9eb0ce3606eb48,,0x102A457bE62Ee0cDA23F722AF1930de1F72762c2,0x93823919cf51d3a5C355e1b4d21973B48DFe9d02,0.0085128091191839,17.0,0x102a457be62ee0cda23f722af1930de1f72762c2,16946596,8,from,15
0x457a17f3f0681f5ea60585a4fd564a422b4ec875,0x2df0fd0aac061e864f6402ea4c62aa6167a4578d,0x457bcc9dffdddc6c3fe8eed4468b34eda54ec875,0x5058b74a13cfa6bb397c7017eefd831eb6f4f6882e8ce125c46b250128ca3436,usdc,zero,0xa0b86991c6218b36c1d19d4a2e9eb0ce3606eb48,,0xFf77336c73D801B08ECb1C24B95A160978b21cb6,0xfF02c46684A87F05C9DFACc1831277adfFF48D4f,0.0083450325961919,9.0,0xff77336c73d801b08ecb1c24b95a160978b21cb6,16606657,4,from,9
0x4f0c88427d53a594601c63b51b0d5a510236074e,0xfde8833aca4cd6243e34a1bf67ae7d824f149555,0x4f0c884d2620058d71d94d8ef6e774cdb236074e,0x517e91998c74d5e38adba36bf56c56262d2ab62ddb6e96a280505a343a18a3a9,usdc,zero,0xa0b86991c6218b36c1d19d4a2e9eb0ce3606eb48,,0xFfFfe71e7e6Bc965712c91b693a75d2bf717FFF0,0xC3F13c4d5095949AB38Fd839eA864746486cb71b,0.0256644161868074,82.0,0xffffe71e7e6bc965712c91b693a75d2bf717fff0,16611253,116,from,14
0x81b6f9c6b089c56f9e75382080d5bbb2cba040dd,0x52c536b6c9f504d36c6827d3efb7c521e4c7d494,0x81c742aa19d57e20cdecce508afad832b49040dd,0x523663110b7c39890b2aed36bf8a8a70eb48141d0bae4684b0ee098bf9cc8e62,usdc,zero,0xa0b86991c6218b36c1d19d4a2e9eb0ce3606eb48,,0xF6A4211461EAc532574eBA5277a0546399A99Ed1,0x734160Dae3ad1a6c81A474E6ed7f4D05E57aF809,0.0041533528966277,18.0,0x27978bb9f5a79b3942d19ebc989d6bc5185b5e02,16158510,27,from,7
0x013a0267d85487bc54480da0540e44349a27d037,0x61b5bf79ebbb96db784277c821b8016398d0ad06,0x013a0264d27c67de6ed963302a382d517127d037,0x56d8add08604133a453205e27725abd8cf39f3a81b07f5d4919e638964d38809,usdc,zero,0xa0b86991c6218b36c1d19d4a2e9eb0ce3606eb48,,0xFfFfe71e7e6Bc965712c91b693a75d2bf717FFF0,0xC3F13c4d5095949AB38Fd839eA864746486cb71b,0.0152783779195955,42.0,0xffffe71e7e6bc965712c91b693a75d2bf717fff0,16615040,5,from,13
0x563737ecd2c20c75f6d8981a04552fc3946617f8,0x8d60fa9cf0af6454ea12802ddbcab2df18820ddf,0x563c5c46042c668629679291c77375accef617f8,0x58eeac78170745863e55e1a7e7d4a43a1187cb736fcde1def5d9f4b17c201d75,usdc,zero,0xa0b86991c6218b36c1d19d4a2e9eb0ce3606eb48,,0x53B2A109ef86BdE89d20d2BaE844740906De8A53,0x216320ed138aAA701F7F20a9805505c418354110,0.0499203056523987,50.0,0x53b2a109ef86bde89d20d2bae844740906de8a53,16386817,210,from,8
0x617e95d3cc2acddf2964c4f062b0a907ff79fdfb,0xbe6c55a789592f0d2d1c01f0b7f3c71ffdc45f70,0x617e95d38c7a9581a6ce625d47ac56aebd79fdfb,0x5a4ccbac635bc75261ac06189a978fd9f5eb86f70de4c6587524db0b18ba1d40,usdc,zero,0xa0b86991c6218b36c1d19d4a2e9eb0ce3606eb48,,0x8067d0c5dd2373ed1560BB68f10cE90639FD5996,0x947888114667FDF7F176aE30C5999286285D276f,0.0100128724655948,16.0,0x8067d0c5dd2373ed1560bb68f10ce90639fd5996,16681610,107,from,14
0x3547ce035963a4264a9660436577f60d4e80b0d1,0x343891a1976d12fe74f5d14e2fcb5af93d5cf23b,0x35474f57e90284f2b765083b81871935c6eeb0d1,0x5cc1bbb688ee82f342f4038122e010a1e5d1fc513be59b9cbc2fefc757acdfc4,usdc,zero,0xa0b86991c6218b36c1d19d4a2e9eb0ce3606eb48,,0xC16Acf1380a144f673411226c9dD913CF1eec182,0xb9f6a074D8093cb7c48C53D42776Ca7DCA6FDa52,0.0036066047102182,7.0,0xc16acf1380a144f673411226c9dd913cf1eec182,16704858,3,from,8
0xa767e292f4a17bb35d223600618eaeef28c742b8,0x5029a0f0a11cbb76033e6295662252d3f059ebe3,0xa760c65ee687c854c9f20d90d9e5c7d27eb742b8,0x5d46ee93daaeb828f20e10fff0087b2f14832dc97c2375c6d4cb7d8eaf192908,usdc,zero,0xa0b86991c6218b36c1d19d4a2e9eb0ce3606eb48,,0xEf21bD22a80cBcc48E1EA1f8C55Cf36739C74f93,0x5eFaA38163E1A11ac7BA7E848943efB125d5Ef61,0.007661022767933,10.0,0xef21bd22a80cbcc48e1ea1f8c55cf36739c74f93,16558054,3,from,8
0x50f2c2e2f93afbfdf2af1170eb71916889a23e17,0x308fc89f45694646097c635eb5b3737c931ad253,0x50f532de14c0821cae807be938027b458ab23e17,0x60b85e40f860d7edb9a9798ca3170d482903cd7485b21c837ed658df69478876,usdc,zero,0xa0b86991c6218b36c1d19d4a2e9eb0ce3606eb48,,0xEf21bD22a80cBcc48E1EA1f8C55Cf36739C74f93,0x5eFaA38163E1A11ac7BA7E848943efB125d5Ef61,0.0052043084092496,10.0,0xef21bd22a80cbcc48e1ea1f8c55cf36739c74f93,16558961,3,from,8
0x3e8d348da146229f52a8a4ff889052537f5fb837,0x063ee592f57d9d0762b35d316c4b71fba01302c8,0x3e81744d6756dd23f4936366b85d317372ddb837,0x6771d26ea7be8f40785dac41f0cd123e5d0133d81728e03840d4323193f40699,usdc,zero,0xa0b86991c6218b36c1d19d4a2e9eb0ce3606eb48,,0x87f9Cdc699e11686C34eB60634044c0604734C54,0x624F2282d627d6260A4708faA45aB8D786B1B7F9,0.0039969988368323,5.0,0x87f9cdc699e11686c34eb60634044c0604734c54,16744391,7,from,7
0x9188602a881ff409c99431158785b6587a3f1c23,0x4c3adf6c06100f2316c250d95e42e5d57bacea64,0x918ea7b3855d7e848932444c9b01a70594ef1c23,0x6844313e98ab3602eab6e935610ea54d79d47fb57fa197433f6877debee9a9f6,usdc,zero,0xa0b86991c6218b36c1d19d4a2e9eb0ce3606eb48,,0x45C23ed336ecEe9c738f9433853AccE9f84aa3FA,0x1D1Cbdd1B22801121929E0A64929B4e65bea5723,0.0060780935411015,9.0,0x45c23ed336ecee9c738f9433853acce9f84aa3fa,16583212,3,from,8
0x185bc23d433d867fa208ec7a28a43a931f5690b7,0x1aeb8eb8f40beeccd58e9359a154309d7014a5e5,0x185bc23d2b46ec08fc7f6ddfb81d44cd945690b7,0x6f5a4f3f2788c292ce2b36c499199ce6fdc0c7d261d15934f01ad9aa095fa400,usdc,zero,0xa0b86991c6218b36c1d19d4a2e9eb0ce3606eb48,,0xFfFfe71e7e6Bc965712c91b693a75d2bf717FFF0,0xC3F13c4d5095949AB38Fd839eA864746486cb71b,0.0118558801631213,32.0,0xffffe71e7e6bc965712c91b693a75d2bf717fff0,16615213,5,from,14
0xc3abfb48bb2f88db4f96c941954f70993fbb87b3,0x4a4d96f08c079b4d1a1dcce36da6f796fdf2889a,0xc3abfb4818c59dcbcebcdc2898f8a01c84bb87b3,0x72f8d6978393ecd3d5d3199c95e5b4168fa1297cece71817efcc283b5d6aa1d6,usdc,zero,0xa0b86991c6218b36c1d19d4a2e9eb0ce3606eb48,,0x8067d0c5dd2373ed1560BB68f10cE90639FD5996,0x947888114667FDF7F176aE30C5999286285D276f,0.0120457073337466,16.0,0x8067d0c5dd2373ed1560bb68f10ce90639fd5996,16681483,341,from,14
0xda57220cf508f7e7037095326ddbf14b6dacf1e0,0x1acafe43a4c3971493f442783f966d279892764c,0xda5b8ac5a9203f4af578354fc10cb1b3876cf1e0,0x73e26f53042bd1165821e49e0a74edcbd4d8ff6e0d71927c417f9b48c1797c89,usdc,zero,0xa0b86991c6218b36c1d19d4a2e9eb0ce3606eb48,,0xEf21bD22a80cBcc48E1EA1f8C55Cf36739C74f93,0x5eFaA38163E1A11ac7BA7E848943efB125d5Ef61,0.0058660409030837,10.0,0xef21bd22a80cbcc48e1ea1f8c55cf36739c74f93,16564879,3,from,8
0x5a19e85f874f35b4fc3605e1374bcbd9ea7c211a,0x03e72439ba96a418403b8b199ec0fb500e7cadfe,0x5a191a789691c4ce19dfbce29bc1426c15bc211a,0x71b0e7b6992cac2878fbadce241ce64f4c3844d316a88509c31aa6ed2d64e5fe,usdc,fake,0x246e8a3027701795297bd337208459d23b20702b,0x9ce0b6df0401429b55a7dc06b7b99b3cecc45d13,0x9cE0B6df0401429b55A7Dc06B7B99B3cEcc45D13,0x206e3CBF2E6aE757B67b39F93eAae63FeEd77210,0.0043880792343165,8.0,0x9ce0b6df0401429b55a7dc06b7b99b3cecc45d13,17886186,2,from,9
0xb91c0070cf15f125d2084a4cd9a2eaf44daaf211,0xcce46ac551e7b5eba544d2b6e7fb3115a5f1767e,0xb91c03d328725a4b29c734e737370f110de1f211,0x71b0e7b6992cac2878fbadce241ce64f4c3844d316a88509c31aa6ed2d64e5fe,usdc,fake,0x246e8a3027701795297bd337208459d23b20702b,0x9ce0b6df0401429b55a7dc06b7b99b3cecc45d13,0x9cE0B6df0401429b55A7Dc06B7B99B3cEcc45D13,0x206e3CBF2E6aE757B67b39F93eAae63FeEd77210,0.0043880792343165,8.0,0x9ce0b6df0401429b55a7dc06b7b99b3cecc45d13,17886186,2,from,9
0x61358716f4f731f7d086d29b3aac179defcf5a44,0x24d75dad4d21c0c433688c09f36196ddc07164de,0x6138bc7783566db2994c810257bfc58d5b3f5a44,0x7949b22654020f8aac53b7f3143c172788e574d30a9b0857c03a2167d8f783e9,usdc,fake,0xda35659b559034c55f555d6ca4ecfa0b72d855e3,0x4a9b236e55a0dc226648018ef89b3e9fd41ff6ff,0xA8f409e600AC692f88038465ca14917aDF5fD47B,0x8EF8Bf8cDe0246a4c3B0eFCdf97e36c6ecb39F58,0.0035021269813541,14.0,0x4a9b236e55a0dc226648018ef89b3e9fd41ff6ff,17687904,129844,from,8
0xfbc22f94586af63aecb96aaf06317fe24a220262,0xba5e519a3f748845c20cf817dc3a5561d5f1b0bf,0xfbc22f94f1c8ec509fb5f096dc979958f4220262,0xaf66d2ab54e54c1abaa25a72548ad0ee4deba41581584bef9bbc78f84a0e5063,usdc,fake,0x385f555fab6c60cdae3e42ce594bcae0fe6924f0,0x2c4c153e56973992f99535dfa8ec3b0d08c874ce,0x2c4c153E56973992f99535dfa8ec3B0d08c874CE,0x1325eF39e3D3812A9cE6b6d71Cb8Be1dd90b2C16,0.0618277702973396,422.0,0x2c4c153e56973992f99535dfa8ec3b0d08c874ce,16911616,57,from,14
0xf7d440adc69a835aa534849fe25883c99164fddf,0xfa129f6905dfc523604f2846bdbec90e30c13a5f,0xf7d4de2422ae7e12f375431b91aeda2e46f6fddf,0xaf66d2ab54e54c1abaa25a72548ad0ee4deba41581584bef9bbc78f84a0e5063,usdc,fake,0x385f555fab6c60cdae3e42ce594bcae0fe6924f0,0x2c4c153e56973992f99535dfa8ec3b0d08c874ce,0x2c4c153E56973992f99535dfa8ec3B0d08c874CE,0x1325eF39e3D3812A9cE6b6d71Cb8Be1dd90b2C16,0.0618277702973396,422.0,0x2c4c153e56973992f99535dfa8ec3b0d08c874ce,16911616,37,from,8
0xbef13b2ea1a8f72c4d17ba4be2d7f340284c1a28,0xf93c006a24cc8990410d6f4d9352d2101517557f,0xbef13b2ed7dc9834a0251f97e4e8e6a1584c1a28,0xaf66d2ab54e54c1abaa25a72548ad0ee4deba41581584bef9bbc78f84a0e5063,usdc,fake,0x385f555fab6c60cdae3e42ce594bcae0fe6924f0,0x2c4c153e56973992f99535dfa8ec3b0d08c874ce,0x2c4c153E56973992f99535dfa8ec3B0d08c874CE,0x1325eF39e3D3812A9cE6b6d71Cb8Be1dd90b2C16,0.0618277702973396,422.0,0x2c4c153e56973992f99535dfa8ec3b0d08c874ce,16911616,195,from,15
0xa093fa4ea47de72ae0590a16ef449daf63b0057e,0x3b475a4a7a9de30020a09104a53f64d890c20ebb,0xa0999fa086efd780c0d8dfceeaa2fc9cf9f0057e,0x25dbbc98c93142bd3fac1f5b03488bf7932cd8421aa88f3a70fbdb1caf7c79b7,usdc,fake,0x2a5a85f07d16a534abe0e1587cfbe2eded305f40,0x7beca3580721a3f043dfe8a1d413836cdbd11077,0x74d03fb806F720cbd7FD69D1Dea8838cA5eb6071,0xDC8C7163267F029549d579c4bA9e707f6Cb9731C,0.0045479637185204,24.0,0x7beca3580721a3f043dfe8a1d413836cdbd11077,17933421,254115,from,8
0x41d3d3315d13f58b4cb29afad2658ffd3df587b3,0x669b2757d9cbb379e503d2345388eefca8332ed6,0x41d3d33156ae7c62c094aae2995003ae63f587b3,0xd9e70e1a697f0bc00cd5157a1a9d6abadc046af1d1a1e55f52c8fef416436196,usdc,fake,0x385f555fab6c60cdae3e42ce594bcae0fe6924f0,0x2c4c153e56973992f99535dfa8ec3b0d08c874ce,0x2c4c153E56973992f99535dfa8ec3B0d08c874CE,0x1325eF39e3D3812A9cE6b6d71Cb8Be1dd90b2C16,0.0609814897328714,445.0,0x2c4c153e56973992f99535dfa8ec3b0d08c874ce,16911627,106,from,15
0xc83f03a8b1583e2e42e5c414048dce7d7e04defc,0x9f2e413d79a561893d421abbfb528fba67f7d0e0,0xc833722fa0cd49593bfeb4e553f94e11efd5defc,0xd9e70e1a697f0bc00cd5157a1a9d6abadc046af1d1a1e55f52c8fef416436196,usdc,fake,0x385f555fab6c60cdae3e42ce594bcae0fe6924f0,0x2c4c153e56973992f99535dfa8ec3b0d08c874ce,0x2c4c153E56973992f99535dfa8ec3B0d08c874CE,0x1325eF39e3D3812A9cE6b6d71Cb8Be1dd90b2C16,0.0609814897328714,445.0,0x2c4c153e56973992f99535dfa8ec3b0d08c874ce,16911627,38,from,7
0x770a2d3d781008511333ab0a4aef63e77a917acc,0xd56e9af0243ffbbe4c6a801ad8f20a097d247122,0x770a2d3d57c6938caffade1caf89cb6f79917acc,0xd9e70e1a697f0bc00cd5157a1a9d6abadc046af1d1a1e55f52c8fef416436196,usdc,fake,0x385f555fab6c60cdae3e42ce594bcae0fe6924f0,0x2c4c153e56973992f99535dfa8ec3b0d08c874ce,0x2c4c153E56973992f99535dfa8ec3B0d08c874CE,0x1325eF39e3D3812A9cE6b6d71Cb8Be1dd90b2C16,0.0609814897328714,445.0,0x2c4c153e56973992f99535dfa8ec3b0d08c874ce,16911627,9,from,14
0x53bb609848079b3db1e3f81f2e951b45ec3ff13a,0xacce497f3cc93cbf8453ebf052980485cf32ba2f,0x53b528caa28c6bb488adb0f879d8c613a35ef13a,0xaf66d2ab54e54c1abaa25a72548ad0ee4deba41581584bef9bbc78f84a0e5063,usdc,fake,0x385f555fab6c60cdae3e42ce594bcae0fe6924f0,0x2c4c153e56973992f99535dfa8ec3b0d08c874ce,0x2c4c153E56973992f99535dfa8ec3B0d08c874CE,0x1325eF39e3D3812A9cE6b6d71Cb8Be1dd90b2C16,0.0618277702973396,422.0,0x2c4c153e56973992f99535dfa8ec3b0d08c874ce,16911616,78,from,7
0xafa49b2d1cffd1603a025fa5f02694e3171aaf8c,0x5251c5672b0ef814cf8d4604e6ecf2002630e90a,0xafa2e9c33a45206410bdfacfa30e661c2187af8c,0xd9e70e1a697f0bc00cd5157a1a9d6abadc046af1d1a1e55f52c8fef416436196,usdc,fake,0x385f555fab6c60cdae3e42ce594bcae0fe6924f0,0x2c4c153e56973992f99535dfa8ec3b0d08c874ce,0x2c4c153E56973992f99535dfa8ec3B0d08c874CE,0x1325eF39e3D3812A9cE6b6d71Cb8Be1dd90b2C16,0.0609814897328714,445.0,0x2c4c153e56973992f99535dfa8ec3b0d08c874ce,16911627,150,from,7
0x3128112b46f104072036a43f02a2ace6b2b49fea,0x01087f4e1dbc0c52690a9397677dd90983711c37,0x312fa792719bd499729474e3045da8c1c8be9fea,0xf49af1a8defd4d34bee2f06e5ed2c8cf6be7ef42d192c4eb1946a5706f677db4,usdc,fake,0xda35659b559034c55f555d6ca4ecfa0b72d855e3,0x4a9b236e55a0dc226648018ef89b3e9fd41ff6ff,0xC64C56B4FE7AC552213ea128a2556D8df8057b99,0x8EF8Bf8cDe0246a4c3B0eFCdf97e36c6ecb39F58,0.0038239627467759,17.0,0x4a9b236e55a0dc226648018ef89b3e9fd41ff6ff,17872946,20,from,7
0x70e2a20cdd77c405b1c851bc8cdc05db5fe9324b,0x2e97bab47dfb1fd1395be6d86fcd48c19374b79b,0x70e2a20c1728280a116e79388a9c1b9754e9324b,0xaf66d2ab54e54c1abaa25a72548ad0ee4deba41581584bef9bbc78f84a0e5063,usdc,fake,0x385f555fab6c60cdae3e42ce594bcae0fe6924f0,0x2c4c153e56973992f99535dfa8ec3b0d08c874ce,0x2c4c153E56973992f99535dfa8ec3B0d08c874CE,0x1325eF39e3D3812A9cE6b6d71Cb8Be1dd90b2C16,0.0618277702973396,422.0,0x2c4c153e56973992f99535dfa8ec3b0d08c874ce,16911616,180,from,14
0x9a674670eea4488374f4d2047c460393075d058f,0xe7ef4d6bbb21063662ed08f1b44c9a22c67992ab,0x9a6777ce30da72d83d2dc104a8646bdea0c0058f,0xd9e70e1a697f0bc00cd5157a1a9d6abadc046af1d1a1e55f52c8fef416436196,usdc,fake,0x385f555fab6c60cdae3e42ce594bcae0fe6924f0,0x2c4c153e56973992f99535dfa8ec3b0d08c874ce,0x2c4c153E56973992f99535dfa8ec3B0d08c874CE,0x1325eF39e3D3812A9cE6b6d71Cb8Be1dd90b2C16,0.0609814897328714,445.0,0x2c4c153e56973992f99535dfa8ec3b0d08c874ce,16911627,227,from,9
0x201d9eed4679d47315e2805cfafab4510e3db08d,0x55fa60aebf0cd998e423b2750deddaffa7fef0d8,0x201d9eed4bd25a5f53b2728d7a13b3aaab3db08d,0xaf66d2ab54e54c1abaa25a72548ad0ee4deba41581584bef9bbc78f84a0e5063,usdc,fake,0x385f555fab6c60cdae3e42ce594bcae0fe6924f0,0x2c4c153e56973992f99535dfa8ec3b0d08c874ce,0x2c4c153E56973992f99535dfa8ec3B0d08c874CE,0x1325eF39e3D3812A9cE6b6d71Cb8Be1dd90b2C16,0.0618277702973396,422.0,0x2c4c153e56973992f99535dfa8ec3b0d08c874ce,16911616,141,from,16
0x1a5c363763bbf6baab85a8f577e0abd730d0655a,0x45d52a8a2636e9e3a7978fd60151e2bc1303ec62,0x1a5c36370bd84179598155c7513f2f0cf1d0655a,0xd9e70e1a697f0bc00cd5157a1a9d6abadc046af1d1a1e55f52c8fef416436196,usdc,fake,0x385f555fab6c60cdae3e42ce594bcae0fe6924f0,0x2c4c153e56973992f99535dfa8ec3b0d08c874ce,0x2c4c153E56973992f99535dfa8ec3B0d08c874CE,0x1325eF39e3D3812A9cE6b6d71Cb8Be1dd90b2C16,0.0609814897328714,445.0,0x2c4c153e56973992f99535dfa8ec3b0d08c874ce,16911627,104,from,14
0x059d21ebe73e974aa4c2a4cd67aeceb9f6473ef0,0x0b29af59229aaee9f96a3b0c8f7b565d55788694,0x059d9ecb1b55c70eb8fc94dd9994fe25281d3ef0,0xd9e70e1a697f0bc00cd5157a1a9d6abadc046af1d1a1e55f52c8fef416436196,usdc,fake,0x385f555fab6c60cdae3e42ce594bcae0fe6924f0,0x2c4c153e56973992f99535dfa8ec3b0d08c874ce,0x2c4c153E56973992f99535dfa8ec3B0d08c874CE,0x1325eF39e3D3812A9cE6b6d71Cb8Be1dd90b2C16,0.0609814897328714,445.0,0x2c4c153e56973992f99535dfa8ec3b0d08c874ce,16911627,87,from,8
0x01a886bfc247d6e5a2d9b962e2b5daa1dcaedb8a,0x2de6810df44bbb98ae58b8c3d182edac27fb9130,0x01abe74df0fa4824f8213cbf8b7273292e4edb8a,0xdbba0f138fef90bcc3ab1b468418ee6f84372f8f5e127e2cec3433c88d15a7cc,usdc,fake,0xb7646b5c99f9949788249f4ef5caef3e830359ec,0x356eb6cabcc57f5bec3e483cd4aa030bcd7af7bb,0x83dF6bB33C64d7Cb1d80f85980b323e1681Fe05A,0x7C7389cae9Ac51998cEea4C675780Dd414445910,0.0025091016105514,16.0,0x356eb6cabcc57f5bec3e483cd4aa030bcd7af7bb,17008153,410047,from,8
0xf429f9024e62e9b202b31c684e9ce8d17e892008,0x01087f4e1dbc0c52690a9397677dd90983711c37,0xf42f78a888adfb485e885352d641eecb1ec02008,0x8d5995c83cc3aa8dfb80a46c9c62a22b69bcacb00a6dc4e367b771e75925aa8d,usdc,fake,0x2a5a85f07d16a534abe0e1587cfbe2eded305f40,0x7beca3580721a3f043dfe8a1d413836cdbd11077,0xAFf21aBb3C000dfE5A7607840bae1869765003c5,0xDC8C7163267F029549d579c4bA9e707f6Cb9731C,0.0101126121507726,28.0,0x7beca3580721a3f043dfe8a1d413836cdbd11077,17942054,1,from,7
0x4c881672f3a8448f02cb455b6fb27eaec00e968d,0x2a0ddaaadfb5acc3e6e1792ae86f30e6fa14d2ba,0x4c8800a1da7b79217887ad7e5d5eec829c0f968d,0xd9e70e1a697f0bc00cd5157a1a9d6abadc046af1d1a1e55f52c8fef416436196,usdc,fake,0x385f555fab6c60cdae3e42ce594bcae0fe6924f0,0x2c4c153e56973992f99535dfa8ec3b0d08c874ce,0x2c4c153E56973992f99535dfa8ec3B0d08c874CE,0x1325eF39e3D3812A9cE6b6d71Cb8Be1dd90b2C16,0.0609814897328714,445.0,0x2c4c153e56973992f99535dfa8ec3b0d08c874ce,16911627,257,from,8
0x470cbf31b0804ffa16cdb48f13f95a811005bbd1,0x6081258689a75d253d87ce902a8de3887239fe80,0x4704154ec5f34a909b8c2307f4ddc0e81a64bbd1,0xaf66d2ab54e54c1abaa25a72548ad0ee4deba41581584bef9bbc78f84a0e5063,usdc,fake,0x385f555fab6c60cdae3e42ce594bcae0fe6924f0,0x2c4c153e56973992f99535dfa8ec3b0d08c874ce,0x2c4c153E56973992f99535dfa8ec3B0d08c874CE,0x1325eF39e3D3812A9cE6b6d71Cb8Be1dd90b2C16,0.0618277702973396,422.0,0x2c4c153e56973992f99535dfa8ec3b0d08c874ce,16911616,153,from,7
0x93a3cf38efa548b0d0127d3f9057f685821695c7,0x5abfb5067c90263cd68aa100ca814788e934e4cb,0x93a39fe922db11f6c54f58315936b91ce6cc95c7,0xd9e70e1a697f0bc00cd5157a1a9d6abadc046af1d1a1e55f52c8fef416436196,usdc,fake,0x385f555fab6c60cdae3e42ce594bcae0fe6924f0,0x2c4c153e56973992f99535dfa8ec3b0d08c874ce,0x2c4c153E56973992f99535dfa8ec3B0d08c874CE,0x1325eF39e3D3812A9cE6b6d71Cb8Be1dd90b2C16,0.0609814897328714,445.0,0x2c4c153e56973992f99535dfa8ec3b0d08c874ce,16911627,156,from,8
0xc617ec915a976eedf270b846d51e1ef6cd9178b4,0x73e8c09780e1df14dbd69a3c72127d89d049dc6b,0xc61548e9bd2bd2f3b017e8b4c9cf1ef06b2178b4,0xdd61da53b8f4ca01a4eeb8579cd48560b6e52ff8d5fe362b968b0c7d7f7ceb1f,usdc,fake,0xda35659b559034c55f555d6ca4ecfa0b72d855e3,0x4a9b236e55a0dc226648018ef89b3e9fd41ff6ff,0xEf194803Cf3D574231742B2F945e97eE7eC07c85,0x8EF8Bf8cDe0246a4c3B0eFCdf97e36c6ecb39F58,0.0078307148560522,22.0,0x4a9b236e55a0dc226648018ef89b3e9fd41ff6ff,17587599,24882,from,8
0x7025a1db5e3ddb76ebac0f791d256a45d24f7621,0xef8801eaf234ff82801821ffe2d78d60a0237f97,0x702162ad3d5c2f0801b9f59a75dc0e83e2c97621,0x1d0d32928a857642eaeeead74e1bec4512ca444e4e2a59b2daca37e34498503c,usdc,fake,0x2a5a85f07d16a534abe0e1587cfbe2eded305f40,0x7beca3580721a3f043dfe8a1d413836cdbd11077,0x8c4cF3c0094F3EC26C78C19d870FB6a374f565B4,0xDC8C7163267F029549d579c4bA9e707f6Cb9731C,0.0101852767288855,23.0,0x7beca3580721a3f043dfe8a1d413836cdbd11077,17936798,1,from,7
0x91ed2fb0961ae807454bd28834561d9840faa125,0x90eb678c3586103805a676d21721cc6883a6c3ae,0x91ed3b9b665aa20997a7303097b2460f43aba125,0x1d0d32928a857642eaeeead74e1bec4512ca444e4e2a59b2daca37e34498503c,usdc,fake,0x2a5a85f07d16a534abe0e1587cfbe2eded305f40,0x7beca3580721a3f043dfe8a1d413836cdbd11077,0x8c4cF3c0094F3EC26C78C19d870FB6a374f565B4,0xDC8C7163267F029549d579c4bA9e707f6Cb9731C,0.0101852767288855,23.0,0x7beca3580721a3f043dfe8a1d413836cdbd11077,17936798,50053,from,8
0x61ab3d363dc642e6cac4c993241e50d4b67bd18c,0x12644b85a2f20f39ade7543fba1c0c9dfe289580,0x61ab3d3637f27573bc5409f219cba6841e7bd18c,0xd9e70e1a697f0bc00cd5157a1a9d6abadc046af1d1a1e55f52c8fef416436196,usdc,fake,0x385f555fab6c60cdae3e42ce594bcae0fe6924f0,0x2c4c153e56973992f99535dfa8ec3b0d08c874ce,0x2c4c153E56973992f99535dfa8ec3B0d08c874CE,0x1325eF39e3D3812A9cE6b6d71Cb8Be1dd90b2C16,0.0609814897328714,445.0,0x2c4c153e56973992f99535dfa8ec3b0d08c874ce,16911627,223,from,15
0x9fa8fe94e645f502378367d276b7ef5834eca9a8,0xce66c6a88bd7bec215aa04fda4cf7c81055521d0,0x9fa8fe944455068a3bd985e177c180148deca9a8,0xd9e70e1a697f0bc00cd5157a1a9d6abadc046af1d1a1e55f52c8fef416436196,usdc,fake,0x385f555fab6c60cdae3e42ce594bcae0fe6924f0,0x2c4c153e56973992f99535dfa8ec3b0d08c874ce,0x2c4c153E56973992f99535dfa8ec3B0d08c874CE,0x1325eF39e3D3812A9cE6b6d71Cb8Be1dd90b2C16,0.0609814897328714,445.0,0x2c4c153e56973992f99535dfa8ec3b0d08c874ce,16911627,50,from,14
0xea97c8d47e46612d357182a05e8aad7e7ae92610,0x613d89873fa92cc69d2511d6e9e8645ef4bc8f16,0xea97c8d44294f52ee6395303c8f5670e9ae92610,0xaf66d2ab54e54c1abaa25a72548ad0ee4deba41581584bef9bbc78f84a0e5063,usdc,fake,0x385f555fab6c60cdae3e42ce594bcae0fe6924f0,0x2c4c153e56973992f99535dfa8ec3b0d08c874ce,0x2c4c153E56973992f99535dfa8ec3B0d08c874CE,0x1325eF39e3D3812A9cE6b6d71Cb8Be1dd90b2C16,0.0618277702973396,422.0,0x2c4c153e56973992f99535dfa8ec3b0d08c874ce,16911616,250,from,15
0x3b427454a7fd2b2141a8911d313c2af76cfce077,0xa188cce78bce1ed0fa220aaa02430725e99caa4b,0x3b42745491b874b62a21013ffa4e2c42affce077,0xaf66d2ab54e54c1abaa25a72548ad0ee4deba41581584bef9bbc78f84a0e5063,usdc,fake,0x385f555fab6c60cdae3e42ce594bcae0fe6924f0,0x2c4c153e56973992f99535dfa8ec3b0d08c874ce,0x2c4c153E56973992f99535dfa8ec3B0d08c874CE,0x1325eF39e3D3812A9cE6b6d71Cb8Be1dd90b2C16,0.0618277702973396,422.0,0x2c4c153e56973992f99535dfa8ec3b0d08c874ce,16911616,150,from,14
0x880b4a222cc25724e24934356946f6b77961951b,0xf64db6d105c7dea5a40c22593631de99a837db1e,0x880b0f49cc2b1e8b4b4e55d9e3c217fde6f1951b,0x2c90d330cba9991084b6ba2c887f045513ca13841fd5d63b3346f7a0216d4d37,usdc,fake,0xb7646b5c99f9949788249f4ef5caef3e830359ec,0x356eb6cabcc57f5bec3e483cd4aa030bcd7af7bb,0x3DeA93f21E528895d5C385C463452747B7c01C0E,0x7C7389cae9Ac51998cEea4C675780Dd414445910,0.0029480474677776,17.0,0x356eb6cabcc57f5bec3e483cd4aa030bcd7af7bb,17049325,316139,from,9
0x64dd97b446f97ef02ae164f1dd95283576e8fa2b,0x5d21fdfdb94e47429e0d35ab93c4903018e7a4b0,0x64db2416803631f454e6471721fd5f67a2b8fa2b,0xa4911b731d4c7570526bece645e9c3d955096f36d0ec554160c87b77550e811c,usdc,fake,0x6485a70d87994e57548dfb8f8bf382e8f505f0ef,0x4a9b236e55a0dc226648018ef89b3e9fd41ff6ff,0x048679486DE4e1954087880399a4B6a03f3ADC77,0x8EF8Bf8cDe0246a4c3B0eFCdf97e36c6ecb39F58,0.008029116296779,20.0,0x4a9b236e55a0dc226648018ef89b3e9fd41ff6ff,17270257,275744,from,8
0x1eaddb8191525d58739c7f151585fad011d89c79,0x7380f586c4c615233e628c00ef52461fb18fae5e,0x1eac3067476650be203d47eadae4244a13289c79,0x11c10e3191038ce71d39fa419ca9c4628c4e6b74528b74554f44c2751b8194fe,usdc,fake,0xda35659b559034c55f555d6ca4ecfa0b72d855e3,0x4a9b236e55a0dc226648018ef89b3e9fd41ff6ff,0x83EE60F8982Af8e0979d4304ae0EF56f80F6b03f,0x8EF8Bf8cDe0246a4c3B0eFCdf97e36c6ecb39F58,0.0037903040797609,21.0,0x4a9b236e55a0dc226648018ef89b3e9fd41ff6ff,17839387,358988,from,8
0x603e93c306d2adf5b9f969a1b10d9fa5b4db36d0,0x2c44c0e573911d2c58669b95d57a1eed4bdf1300,0x603efff7f0ee5dc5739aa613e3cd10a973fb36d0,0xab30fc41ae8ae13e8b055f655fc743c9a3625e54c6b5385a3bae2b5990ad751a,usdc,fake,0xb7646b5c99f9949788249f4ef5caef3e830359ec,0x356eb6cabcc57f5bec3e483cd4aa030bcd7af7bb,0xA588e70c70A867dd61C09Ad1FB62C51Ba48d936E,0x7C7389cae9Ac51998cEea4C675780Dd414445910,0.0026944120956704,18.0,0x356eb6cabcc57f5bec3e483cd4aa030bcd7af7bb,17005618,54,from,9
0xc65cb9663caaaf0342bcf22993c97ddd41bf0d6b,0x73e8c09780e1df14dbd69a3c72127d89d049dc6b,0xc65e0203a56891a00a3c6f4ae16ebd20577f0d6b,0xdd61da53b8f4ca01a4eeb8579cd48560b6e52ff8d5fe362b968b0c7d7f7ceb1f,usdc,fake,0xda35659b559034c55f555d6ca4ecfa0b72d855e3,0x4a9b236e55a0dc226648018ef89b3e9fd41ff6ff,0xEf194803Cf3D574231742B2F945e97eE7eC07c85,0x8EF8Bf8cDe0246a4c3B0eFCdf97e36c6ecb39F58,0.0078307148560522,22.0,0x4a9b236e55a0dc226648018ef89b3e9fd41ff6ff,17587599,24882,from,8
0x87f36e526fcf1b2178d7997b20c7b6ad04f70b01,0xc7d6b0b61212647fba2c59d44915e82c8a478017,0x87f740d42df9837df1de01295b74431812570b01,0xe52dbafc30213edc9e1259d7aae301bed55331eaea43e023e47f024cc02860b7,usdc,fake,0x2a5a85f07d16a534abe0e1587cfbe2eded305f40,0x7beca3580721a3f043dfe8a1d413836cdbd11077,0x48Bb65D94BE3061Adea6Be16ECCEebE5C62b03b8,0xDC8C7163267F029549d579c4bA9e707f6Cb9731C,0.0070051839630605,22.0,0x7beca3580721a3f043dfe8a1d413836cdbd11077,17965129,319658,from,8
0xa093fa4ea47de72ae0590a16ef449daf63b0057e,0x3b475a4a7a9de30020a09104a53f64d890c20ebb,0xa0999fa086efd780c0d8dfceeaa2fc9cf9f0057e,0xba72f2b0e2e42e7b2835b2575c2665b71a67973f6e510df9a52f3f0733f79789,usdc,fake,0xda35659b559034c55f555d6ca4ecfa0b72d855e3,0x4a9b236e55a0dc226648018ef89b3e9fd41ff6ff,0xA8f409e600AC692f88038465ca14917aDF5fD47B,0x8EF8Bf8cDe0246a4c3B0eFCdf97e36c6ecb39F58,0.0020229487621388,18.0,0x4a9b236e55a0dc226648018ef89b3e9fd41ff6ff,17839786,160480,from,8
0xc5de18f648bea82821205ab736725ebf037489e7,0xb5a5847bf953b75f96b38640a533681978da80c2,0xc5d7af09763b3088b7c241c143650967ee3e89e7,0xaf66d2ab54e54c1abaa25a72548ad0ee4deba41581584bef9bbc78f84a0e5063,usdc,fake,0x385f555fab6c60cdae3e42ce594bcae0fe6924f0,0x2c4c153e56973992f99535dfa8ec3b0d08c874ce,0x2c4c153E56973992f99535dfa8ec3B0d08c874CE,0x1325eF39e3D3812A9cE6b6d71Cb8Be1dd90b2C16,0.0618277702973396,422.0,0x2c4c153e56973992f99535dfa8ec3b0d08c874ce,16911616,150,from,7
0x9d58c30b231889cf1289f51bc8950b9cf33f3416,0x1a7f535561e871e315c7d7b56acaa22fe0910c00,0x9d55136bedce09391e18b5de3503b685925f3416,0x2db99d236ed43566696bd15c875fd2d2c17cb7cfc1389c096cd2a8ed53f1a560,usdc,fake,0xda35659b559034c55f555d6ca4ecfa0b72d855e3,0x4a9b236e55a0dc226648018ef89b3e9fd41ff6ff,0xEf194803Cf3D574231742B2F945e97eE7eC07c85,0x8EF8Bf8cDe0246a4c3B0eFCdf97e36c6ecb39F58,0.0026360887895194,15.0,0x4a9b236e55a0dc226648018ef89b3e9fd41ff6ff,17725737,28546,from,8
0xa09581815f6921ed429260252898b952b6a0057e,0x3b475a4a7a9de30020a09104a53f64d890c20ebb,0xa097372483810999dd2272f950b9c3d8ba70057e,0x7a71c2cc33d47c57baf2a9fb8033f5612463d402ac1948c10ee306472aa1c3a8,usdc,fake,0xda35659b559034c55f555d6ca4ecfa0b72d855e3,0x4a9b236e55a0dc226648018ef89b3e9fd41ff6ff,0xc03c103222D501eB9706c748ed4587Eb6197e107,0x8EF8Bf8cDe0246a4c3B0eFCdf97e36c6ecb39F58,0.0027644074600901,21.0,0x4a9b236e55a0dc226648018ef89b3e9fd41ff6ff,17566742,1120,from,8
0x4945ce2d6a26511fa0d2eb232fd5b8105dab982b,0x2fe6b9ac001589e93822c6fd8409e590805bd8cf,0x4945ce2d1b5bd904cac839b7fdabafd19cab982b,0xaf66d2ab54e54c1abaa25a72548ad0ee4deba41581584bef9bbc78f84a0e5063,usdc,fake,0x385f555fab6c60cdae3e42ce594bcae0fe6924f0,0x2c4c153e56973992f99535dfa8ec3b0d08c874ce,0x2c4c153E56973992f99535dfa8ec3B0d08c874CE,0x1325eF39e3D3812A9cE6b6d71Cb8Be1dd90b2C16,0.0618277702973396,422.0,0x2c4c153e56973992f99535dfa8ec3b0d08c874ce,16911616,127,from,14
0x68dfea8ed962f00c819f32be1aae6fefaf9f8e80,0xbc6126c267c9b7ea9666e0584c970086e779415b,0x68dff8bf6d63b205c37e570730297d8046b58e80,0xb24ac67329a90cfd8e4922d4f461eeb14cf95bd74b2190650d6cbb4a9cb84fa7,usdc,fake,0x2a5a85f07d16a534abe0e1587cfbe2eded305f40,0x7beca3580721a3f043dfe8a1d413836cdbd11077,0x3733a21B8e22fD60B4256C7DD77D9c2950B5742E,0xDC8C7163267F029549d579c4bA9e707f6Cb9731C,0.0036654559598404,25.0,0x7beca3580721a3f043dfe8a1d413836cdbd11077,17933119,14401,from,8
0x41d32cc345c6f91738586f1902e987709d5b87b3,0x8c80c1fe10912398bf0fe68a25839defcaef588e,0x41d365acd7fe33c079d73de8fa9f783a62b787b3,0xd16b8fa8d4b0cfca71a9ccff6a376a94de5225ab93432a4adc44ffd00b43e666,usdc,fake,0x2a5a85f07d16a534abe0e1587cfbe2eded305f40,0x7beca3580721a3f043dfe8a1d413836cdbd11077,0x74d03fb806F720cbd7FD69D1Dea8838cA5eb6071,0xDC8C7163267F029549d579c4bA9e707f6Cb9731C,0.0028615906887652,28.0,0x7beca3580721a3f043dfe8a1d413836cdbd11077,17956025,24,from,8
0x3b427454a7fd2b2141a8911d313c2af76cfce077,0xa188cce78bce1ed0fa220aaa02430725e99caa4b,0x3b42745491b874b62a21013ffa4e2c42affce077,0xd9e70e1a697f0bc00cd5157a1a9d6abadc046af1d1a1e55f52c8fef416436196,usdc,fake,0x385f555fab6c60cdae3e42ce594bcae0fe6924f0,0x2c4c153e56973992f99535dfa8ec3b0d08c874ce,0x2c4c153E56973992f99535dfa8ec3B0d08c874CE,0x1325eF39e3D3812A9cE6b6d71Cb8Be1dd90b2C16,0.0609814897328714,445.0,0x2c4c153e56973992f99535dfa8ec3b0d08c874ce,16911627,161,from,14
0x43ca84762d90f9018f0610f57e44c9eacb561f15,0x7000042970cbbd3c1647f9e095561446d4afc79b,0x43ca60b9320ef69f35ebf21349aee1b492f71f15,0x3c22d04ee8aea62a8663f611050c9c6e38f43a1971dad6605350af12e765f0cc,usdc,fake,0xda35659b559034c55f555d6ca4ecfa0b72d855e3,0x4a9b236e55a0dc226648018ef89b3e9fd41ff6ff,0x83EE60F8982Af8e0979d4304ae0EF56f80F6b03f,0x8EF8Bf8cDe0246a4c3B0eFCdf97e36c6ecb39F58,0.0070107576786207,18.0,0x4a9b236e55a0dc226648018ef89b3e9fd41ff6ff,17864548,154,from,8
0xf1e229c4d3ba29ac48f80b955dd4f0b1a441e3f9,0x9f81037a48d376f104a974c26e3d02307ac6bfb2,0xf1e229c45c45080b910e362f04e917cb6341e3f9,0xaf66d2ab54e54c1abaa25a72548ad0ee4deba41581584bef9bbc78f84a0e5063,usdc,fake,0x385f555fab6c60cdae3e42ce594bcae0fe6924f0,0x2c4c153e56973992f99535dfa8ec3b0d08c874ce,0x2c4c153E56973992f99535dfa8ec3B0d08c874CE,0x1325eF39e3D3812A9cE6b6d71Cb8Be1dd90b2C16,0.0618277702973396,422.0,0x2c4c153e56973992f99535dfa8ec3b0d08c874ce,16911616,90,from,14
0xa095b50ea48383ea867f0abbcea68fad88f0057e,0x3b475a4a7a9de30020a09104a53f64d890c20ebb,0xa09ded4fee96e78ec05d1481355dca13d1e0057e,0x7e0229b50ec09ff607ddbfd9616a76ec40c1c9ce844b33f1410fad27b623de06,usdc,fake,0xda35659b559034c55f555d6ca4ecfa0b72d855e3,0x4a9b236e55a0dc226648018ef89b3e9fd41ff6ff,0xc03c103222D501eB9706c748ed4587Eb6197e107,0x8EF8Bf8cDe0246a4c3B0eFCdf97e36c6ecb39F58,0.0015435886592887,8.0,0x4a9b236e55a0dc226648018ef89b3e9fd41ff6ff,17505934,1144,from,8
0x01a6e11077a39da7f8a8b2304e23d1f5d76edb8a,0x2de6810df44bbb98ae58b8c3d182edac27fb9130,0x01abe74df0fa4824f8213cbf8b7273292e4edb8a,0x8b4136d5f6c396a7a9b8077b42426a3d42d6ddeb3e1da5e80f8adc7daf6a5e16,usdc,fake,0xb7646b5c99f9949788249f4ef5caef3e830359ec,0x356eb6cabcc57f5bec3e483cd4aa030bcd7af7bb,0xC985209b9913a6BC4e66504712ccD4AFe89dAEC1,0x7C7389cae9Ac51998cEea4C675780Dd414445910,0.0026015007207608,14.0,0x356eb6cabcc57f5bec3e483cd4aa030bcd7af7bb,17030113,432007,from,10
0x53bb609848079b3db1e3f81f2e951b45ec3ff13a,0xacce497f3cc93cbf8453ebf052980485cf32ba2f,0x53b528caa28c6bb488adb0f879d8c613a35ef13a,0xd9e70e1a697f0bc00cd5157a1a9d6abadc046af1d1a1e55f52c8fef416436196,usdc,fake,0x385f555fab6c60cdae3e42ce594bcae0fe6924f0,0x2c4c153e56973992f99535dfa8ec3b0d08c874ce,0x2c4c153E56973992f99535dfa8ec3B0d08c874CE,0x1325eF39e3D3812A9cE6b6d71Cb8Be1dd90b2C16,0.0609814897328714,445.0,0x2c4c153e56973992f99535dfa8ec3b0d08c874ce,16911627,89,from,7
0x7d5721f5d5e5ec1c9491a151a335b6f987e58a51,0xe185764ee64166911114fc1114195db257d15d0b,0x7d5721f59e957962b4e0080f36707d2087e58a51,0xaf66d2ab54e54c1abaa25a72548ad0ee4deba41581584bef9bbc78f84a0e5063,usdc,fake,0x385f555fab6c60cdae3e42ce594bcae0fe6924f0,0x2c4c153e56973992f99535dfa8ec3b0d08c874ce,0x2c4c153E56973992f99535dfa8ec3B0d08c874CE,0x1325eF39e3D3812A9cE6b6d71Cb8Be1dd90b2C16,0.0618277702973396,422.0,0x2c4c153e56973992f99535dfa8ec3b0d08c874ce,16911616,156,from,16
